store_title,store_addr
파리바게뜨 사가정역,서울 중랑구 사가정로 52길
파리바게뜨 면목중앙,서울 중랑구 면목로 362
파리바게뜨 사가정센트럴아이파크,서울 중랑구 동일로92길 40
파리바게뜨 면목역,서울특별시 중랑구 겸재로 181
파리바게뜨 용마산역,서울 중랑구 답십리로75길 73 109동 101호
파리바게뜨 망우겸재,서울 중랑구 용마산로 442
파리바게뜨 면목동부,서울시 중랑구 동일로101길 49
파리바게뜨 상봉역,서울 중랑구 면목로 480
파리바게뜨 우림시장,서울 중랑구 용마산로 497
파리바게뜨 장안2동,서울특별시 동대문구 장한로32길 17
파리바게뜨 중곡역,서울 광진구 능동로 409
파리바게뜨 휘경주공,서울특별시 동대문구 사가정로25길 58 1층
파리바게뜨 장안현대,서울 동대문구 장안벚꽃로 107
파리바게뜨 장안,서울 동대문구 장한로 130
파리바게뜨 중랑역,"서울특별시 중랑구 중화동 208-33 동양엔파트 120호, 121호"
파리바게뜨 장안배봉,서울특별시 동대문구 한천로 189 1층
파리바게뜨 망우금란,서울 중랑구 망우로 467
파리바게뜨 중곡신성,서울특별시 광진구 중곡동 123-1
파리바게뜨 휘경중앙,서울 동대문구 망우로 129
파리바게뜨 중화역,서울 중랑구 동일로 795
파리바게뜨 신내제일,서울 중랑구 신내로14길 18
파리바게뜨 동답한신,서울 동대문구 한천로 86
파리바게뜨 군자사랑,서울특별시 광진구 중곡동 341-7
파리바게뜨 전농삼성,서울특별시 동대문구 전농로16길 56
파리바게뜨 신내중앙,서울특별시 중랑구 신내동 666 1층
파리바게뜨 군자역,서울시 광진구 능동로 297
파리바게뜨 휘경,서울특별시 동대문구 망우로 74
파리바게뜨 장한평,서울특별시 동대문구 장한로2길 7 1층
파리바게뜨 서울시립대,서울특별시 동대문구 전농동 90
파리바게뜨 대공원,서울시 광진구 구의동 53-10
파리바게뜨 전농,서울 동대문구 전농로 102
파리바게뜨 전농사거리,서울특별시 동대문구 전농로 151 1층
파리바게뜨 신이문역,서울특별시 동대문구 신이문로25길 1
파리바게뜨 답십리위브,서울특별시 동대문구 답십리로 130 근생동 1-5호
파리바게뜨 세종대,서울특별시 광진구 군자동 98번지 세종대학교 내학생회관1층
파리바게뜨 외대후문,서울특별시 동대문구 천장산로7길 4 지층 1층
파리바게뜨 묵동삼거리,서울 중랑구 공릉로 2길 3
파리바게뜨 경희대,서울 동대문구 경희대로 8-1
파리바게뜨 답십리역,서울시 성동구 용답동 1-2
파리바게뜨 구의파크,서울 광진구 광나루로 545
파리바게뜨 봉화산역,"서울특별시 중랑구 신내로 211 금강리빙스텔 145호, 146호, 147호"
파리바게뜨 화양시장,서울 광진구 군자로 70
파리바게뜨 청량리,서울 동대문구 왕산로 225
파리바게뜨 화양리,서울특별시 광진구 화양동 111-204
파리바게뜨 카페광장힐스테이트,서울 광진구 아차산로 537-17
파리바게뜨 전농동아,서울 동대문구 서울시립대로 31
파리바게뜨 신내우디안,서울 중랑구 신내역로1길 85
파리바게뜨 성동세무서,서울 성동구 광나루로 319
파리바게뜨 카페광장,서울 광진구 아차산로70길 26
파리바게뜨 석계두산,서울시 성북구 석관동 133-66
파리바게뜨 육사화랑회관,서울 노원구 화랑로 564 육군사관학교 1층
파리바게뜨 건대,서울특별시 광진구 화양동 15-54
파리바게뜨 암사역,서울시 강동구 올림픽로 777
파리바게뜨 석관,서울특별시 성북구 석관동 350-1
파리바게뜨 화랑대역,서울 노원구 노원로1길 74
파리바게뜨 석계역,"서울시 노원구 마들로 31 상가동 107,108,148호"
파리바게뜨 광진구청,서울특별시 광진구 구의동 252-15
파리바게뜨 월계,서울시 노원구 월계동 68-6
파리바게뜨 한양대학교병원,서울시 성동구 사근동 110 동관 1층
파리바게뜨 암사브라운스톤,서울시 강동구 올림픽로92길 61
파리바게뜨 육사생도회관,서울 노원구 공릉동 1-1 생도회관 1층
파리바게뜨 육군사관학교,서울 노원구 공릉동 1-1 충무관 1층
파리바게뜨 동대문구청,서울특별시 동대문구 고산자로 410 1층
파리바게뜨 강변프라임,서울특별시 광진구 구의동 631-1
파리바게뜨 마장역,서울시 성동구 마장로 283
파리바게뜨 암사양지,서울 강동구 고덕로 102
파리바게뜨 공릉역,서울특별시 노원구 공릉동 567-5 1층
파리바게뜨 공릉화랑,"서울특별시 노원구 화랑로51길 38 밀레니엄타워 103호, 104호"
파리바게뜨 건대역로데오,서울 광진구 아차산로 30길 3
파리바게뜨 건대동문회관,서울특별시 광진구 자양동 227-336
파리바게뜨 제기동역,서울특별시 동대문구 왕산로 118
파리바게뜨 마장대로,서울시 성동구 마장동 474-25
파리바게뜨 동서울터미널,서울특별시 광진구 구의동 546-11
파리바게뜨 고대역,서울 동대문구 제기동 136-54
파리바게뜨 월곡동아,서울시 성북구 상월곡동 50-9
파리바게뜨 암사롯데캐슬,서울 강동구 고덕로 133 1층
파리바게뜨 한양대,서울 성동구 사근동길 2 1층
파리바게뜨 성수역,서울 성동구 아차산로7길 8
파리바게뜨 동덕여대,서울 성북구 화랑로11길 7
파리바게뜨 천호중앙,서울 강동구 올림픽로 665 1층
파리바게뜨 왕십리역사,서울특별시 성동구 왕십리광장로 17 지상2층
파리바게뜨 공릉,서울특별시 노원구 공릉동 208-5
파리바게뜨 뚝섬역,"서울 성동구 상원길 39 상가동 1층 105, 106, 107호"
파리바게뜨 광운대역,서울 노원구 석계로 95 1층
파리바게뜨 자양현대,서울특별시 광진구 자양동 553-502
파리바게뜨 종암,서울 성북구 종암로 96
파리바게뜨 용두신동아,서울시 동대문구 천호대로68 (용두동)
파리바게뜨 풍납사랑,서울 송파구 바람드리길 59 1층
파리바게뜨 안암오거리,서울특별시 동대문구 안암로 80
파리바게뜨 자양2호,서울시 광진구 자양동 606-10
파리바게뜨 성수코오롱,서울 성동구 성수이로7길 27
파리바게뜨 명일역,서울 강동구 양재대로 1636 1층
파리바게뜨 왕십리,서울 성동구 왕십리로 328
파리바게뜨 풍납초교,서울 송파구 풍성로 44 1층
파리바게뜨 안암역,서울시 성북구 안암동 5가 102-48
파리바게뜨 성동구민회관,서울 성동구 고산자로6길 40
파리바게뜨 고덕래미안힐스,"서울 강동구 아리수로50길 50 상가동 1층 105,106,122호"
파리바게뜨 장위뉴타운,"서울특별시 성북구 한천로 713 515동 2-106, 107호"
파리바게뜨 뚝섬유원지역,서울특별시 광진구 자양동 855
파리바게뜨 뚝섬,서울 성동구 왕십리로 92
파리바게뜨 월곡두산,서울 성북구 하월곡동 76-7
파리바게뜨 왕십리무학,서울시 성동구 하왕십리동 957
파리바게뜨 왕십리텐즈힐,서울시 성동구 무학로 33 151동 1층 101호
파리바게뜨 공릉풍림,서울시 노원구 섬밭로 139
파리바게뜨 장위동방,서울특별시 성북구 장위로 39
파리바게뜨 뚝도시장,서울시 성동구 성수동2가 507-1
파리바게뜨 종암사거리,서울시 성북구 종암동 3-544 1층
파리바게뜨 굽은다리역,서울특별시 강동구 명일동 353-4
파리바게뜨 신설동역,서울시 동대문구 신설동 98-32 교보재단빌딩
파리바게뜨 강동역,서울 강동구 성안로 170
파리바게뜨 풍납,서울 송파구 토성로 58 도원빌딩 1층
파리바게뜨 행당,서울특별시 성동구 행당로6길 97 B동 213호
파리바게뜨 월곡래미안,서울시 성북구 하월곡동 79-107
파리바게뜨 하월곡동일,서울시 성북구 하월곡동 90-1776
파리바게뜨 성내삼성,서울 강동구 풍성로37길 3 1층
파리바게뜨 장위참누리,서울특별시 성북구 월계로40길 7 107호
파리바게뜨 강동성내,서울특별시 강동구 천호대로 1092
파리바게뜨 강동구청,서울 강동구 성내로 19 1층 105호
파리바게뜨 하계미성,서울 노원구 공릉로59길 18
파리바게뜨 월계사슴,서울시 노원구 월계동 321-2 희성프라자 1층 109호
파리바게뜨 고덕역,"서울 강동구 동남로71길 38 동양타워 105,106,113호"
파리바게뜨 미아경남,서울시 강북구 오패산로 130 1층
파리바게뜨 월계롯데,서울 노원구 월계로45길 28
파리바게뜨 황학롯데,서울시 중구 황학동 2545 롯데캐슬베네치아몰 1층
파리바게뜨 응봉,서울특별시 성동구 응봉동 200-1 지상1층
파리바게뜨 신당역아크로,서울 중구 퇴계로 447
파리바게뜨 길동사거리,서울 강동구 천호대로 1134
파리바게뜨 하계벽산,서울 노원구 섬밭로 209
파리바게뜨 미아사거리역,서울시 강북구 도봉로8길 11
파리바게뜨 보문역,서울특별시 성북구 보문로 119
파리바게뜨 길음역,서울 성북구 동소문로 248
파리바게뜨 금호1가,서울 성동구 난계로 35
파리바게뜨 신당,서울특별시 중구 다산로44길 53 삼원상가 104호
파리바게뜨 성북구청,서울시 성북구 삼선동 5가 328
파리바게뜨 길음래미안,서울 성북구 길음동 1283-4
파리바게뜨 성내중앙,서울 강동구 풍성로 197 한강훼밀리아파트 1층
파리바게뜨 잠실파크리오,서울시 송파구 올림픽로37길 130
파리바게뜨 성신여대,서울 성북구 동선동1가 99
파리바게뜨 파크리오2호,"서울 송파구 올림픽로 435 B동 130,139,140호"
파리바게뜨 길동우성,서울 강동구 명일로 202 1층
파리바게뜨 미아영훈,서울특별시 강북구 도봉로13길 13
파리바게뜨 정릉대림,서울 성북구 정릉동 1035-6
파리바게뜨 고덕그라시움,서울특별시 강동구 고덕로 353
파리바게뜨 하계중앙,서울 노원구 노원로 254
파리바게뜨 동묘역,서울특별시 종로구 지봉로 43
파리바게뜨 둔촌진흥,서울 강동구 천호대로 1200
파리바게뜨 번동주공,서울특별시 강북구 한천로 109길 53
파리바게뜨 동소문,서울특별시 성북구 아리랑로 15
파리바게뜨 올림픽북문,서울특별시 강동구 성안로 9 한국방재협회 1층
파리바게뜨 잠실장미,서울 송파구 올림픽로35길 112
파리바게뜨 정릉제일,서울특별시 성북구 정릉로 307
파리바게뜨 카페신당대림,서울특별시 중구 신당동 291-18 지상1층
파리바게뜨 중계2동,서울 노원구 동일로203가길 29
파리바게뜨 길음동부,서울시 성북구 길음동 1125-6
파리바게뜨 성동금호,서울특별시 성동구 독서당로 312
파리바게뜨 신금호역,서울 성동구 금호산길 65
파리바게뜨 중계아울렛,서울특별시 노원구 동일로 204가길 46
파리바게뜨 고덕강일성산,서울 강동구 아리수로93나길 26
파리바게뜨 상일중앙,서울시 강동구 고덕로 391
파리바게뜨 동대문역,서울시 종로구 창신동 542
파리바게뜨 둔촌보훈,서울 강동구 진황도로 190 1층
파리바게뜨 신당흥인,서울시 중구 신당동 251-160 204호
파리바게뜨 미아중앙,서울특별시 강북구 미아동 131-29
파리바게뜨 청담사거리,서울특별시 강남구 도산대로 518 1층
파리바게뜨 강일리버파크,서울 강동구 아리수로93길 27
파리바게뜨 청구장충,서울특별시 중구 청구로 86 1층
파리바게뜨 중계무지개,서울 노원구 동일로 1280
파리바게뜨 아리랑고개,"서울시 성북구 돈암동 524 일신건영휴먼빌 상가 107,108호"
파리바게뜨 동소문한신,서울 성북구 성북로4길 52 스카이프라자빌딩 5층
파리바게뜨 청구역,서울특별시 중구 다산로 168 1층 일부
파리바게뜨 잠실역,서울 송파구 올림픽로 265
파리바게뜨 고덕베네루체,서울시 강동구 상일동 187
파리바게뜨 신창초교,서울시 도봉구 창3동 484-31
파리바게뜨 한성대역,서울특별시 성북구 동소문로 11
파리바게뜨 카페미아역,서울특별시 강북구 도봉로 178
파리바게뜨 미아풍림,"서울시 강북구 삼양로19길 69 1,2층"
파리바게뜨 정릉서경,서울특별시 성북구 서경로 78
파리바게뜨 잠실리센츠,서울 송파구 올림픽로 145
파리바게뜨 잠실엘스,서울시 송파구 올림픽로 119 잠실파인애플상가
파리바게뜨 중계역건영,서울시 노원구 동일로 1308
파리바게뜨 갤러리아팰리스,서울특별시 송파구 잠실동 40 갤러리아팰리스
파리바게뜨 신천역,서울시 송파구 올림픽로 118 청우빌딩 1층
파리바게뜨 금호역,서울특별시 성동구 동호로 93 401동 지2층 4호
파리바게뜨 압구정로데오,서울 강남구 선릉로 819 1층
파리바게뜨 중계본동,서울시 노원구 중계로14길 28
파리바게뜨 삼성풍림,서울특별시 강남구 봉은사로103길 8 1층
파리바게뜨 압구정현대,"서울특별시 강남구 압구정로 29길 71 제3동 1층 101호, 102호"
파리바게뜨 동대문역사,서울시 중구 광희동 1가 188-4
파리바게뜨 중계두타빌,"서울특별시 노원구 중계동 360-9 제비동 105, 106호"
파리바게뜨 카페약수,서울특별시 중구 신당동 359-6 1층
파리바게뜨 방이시장,서울특별시 송파구 백제고분로48길 5 왕산빌딩
파리바게뜨 고덕리엔파크,서울특별시 강동구 상일로 74
파리바게뜨 카페정릉,서울 성북구 보국문로 40-3
파리바게뜨 옥수역,서울 성동구 한림말3길 2
파리바게뜨 장충,서울 중구 장충단로 175 1층
파리바게뜨 올림픽,서울시 송파구 앵재대로 1222 올림픽프라자 상가
파리바게뜨 압구정중앙,"서울특별시 강남구 압구정로 214 지상1동 2, 6호"
파리바게뜨 카페마로니에,"서울 종로구 대학로 81-1 1,2층"
파리바게뜨 강남구청카페,서울 강남구 학동로 421 원영빌딩
파리바게뜨 창동녹천,"서울특별시 도봉구 덕릉로 398 17단지 상가 1층 109호,119호(창동 주"
파리바게뜨 방이,서울 송파구 위례성대로12길 24
파리바게뜨 남산,서울특별시 중구 다산로32
파리바게뜨 신창,서울시 도봉구 덕릉로 252
파리바게뜨 북한산시티,서울시 강북구 솔샘로 207-1
파리바게뜨 혜화로타리,서울 종로구 창경궁로 269
파리바게뜨 미아신일,서울특별시 강북구 도봉로 237
파리바게뜨 중계대림,"서울특별시 노원구 중계동 411-3 1층,2층"
파리바게뜨 방이1동,서울시 송파구 가락로 248
파리바게뜨 레이크팰리스,"서울시 송파구 삼전동 22-2 레이크타워 104,105호"
파리바게뜨 상계백병원,"서울특별시 노원구 동일로 1356 113, 114호"
파리바게뜨 학동사거리,서울특별시 강남구 도산대로 50길 21 1층
파리바게뜨 삼양시장,서울특별시 강북구 미아동 777-18 1층 (미아동)
파리바게뜨 압구정역,서울특별시 강남구 논현로 868
파리바게뜨 잠실월드비전,서울특별시 송파구 백제고분로 127 다산해명빌딩
파리바게뜨 강남삼성,서울 강남구 봉은사로 478 1층101호
파리바게뜨 석촌,서울 송파구 백제고분로 385 임진각빌딩 1층
파리바게뜨 정릉풍림,서울 성북구 정릉동 239-1
파리바게뜨 강남구청역,서울특별시 강남구 학동로 339 1층
파리바게뜨 방이역,서울시 송파구 마천로 39
파리바게뜨 삼성역,서울특별시 강남구 영동대로 424
파리바게뜨 강남구청센터,서울특별시 강남구 선릉로 659 1층
파리바게뜨 성대명륜,서울 종로구 명륜3가 2-38번지
파리바게뜨 잠실스타,서울 송파구 백제고분로 200 호삼빌딩
파리바게뜨 올림픽승리,서울 송파구 위례성대로 180 아에에프빌딩
파리바게뜨 노원중앙,서울시 노원구 노해로 494
파리바게뜨 삼전,서울 송파구 백제고분로 261 1층
파리바게뜨 수유중앙,서울시 강북구 삼양로 307
파리바게뜨 동국대,서울시 중구 필동3가 10-17 1층
파리바게뜨 삼성카페,서울시 강남구 대치동 944-24
파리바게뜨 압구정신구초교,서울 강남구 압구정로18길 31
파리바게뜨 카페수유역,서울특별시 강북구 수유동 229-4
파리바게뜨 오금현대,서울 송파구 마천로 76
파리바게뜨 번동,서울특별시 강북구 번1동 463-40
파리바게뜨 정릉국민대,서울시 성북구 정릉3동 894-13
파리바게뜨 충무로진양,서울 중구 퇴계로 217
파리바게뜨 상계본점,서울특별시 노원구 한글비석로 15길 3
파리바게뜨 강남을지병원,서울 강남구 도산대로 206 1층
파리바게뜨 강북구청,서울시 강북구 수유동 190-9
파리바게뜨 송파래미안,서울 송파구 오금로32길 30 1층
파리바게뜨 창동한신,서울 도봉구 창1동 651-66
파리바게뜨 정릉청수,서울 성북구 정릉동 779-2
파리바게뜨 송파센트레빌,서울 송파구 가락로 108
파리바게뜨 창동역동부,"서울특별시 도봉구 창4동 3-3 콤마프라자 1층 105,106호"
파리바게뜨 을지로3가,서울 중구 을지로 지하 131 310호
파리바게뜨 대치포스코,서울 강남구 삼성로85길 11 1층
파리바게뜨 상계역,서울특별시 노원구 한글비석로 384
파리바게뜨 송파역,서울 송파구 송파대로 366
파리바게뜨 창동역서부,서울 도봉구 노해로63길 79
파리바게뜨 오금역,서울시 송파구 오금로 300
파리바게뜨 충무로역,서울특별시 중구 필동 1가 36-2
파리바게뜨 논현경복,서울 강남구 언주로114길 23 1층
파리바게뜨 쌍문역,서울 도봉구 도봉로 473
파리바게뜨 카페선릉,서울 강남구 선릉로 517 지상1층
파리바게뜨 종로세무서,서울시 종로구 낙원동 58-1
파리바게뜨 명동백병원,서울특별시 중구 마른내로 17-1 지상1층(저동2가)
파리바게뜨 학동역고려은단,서울시 강남구 논현동 215-5 고려은단(주)
파리바게뜨 한남,서울시 용산구 대사관로 73 1층
파리바게뜨 역삼스포,서울특별시 강남구 강남구 역삼동 687
파리바게뜨 헬리오책박물관,"서울시 송파구 송파대로 345 3B동 23,24,25호"
파리바게뜨 헬리오시티,서울 송파구 송파대로 345
파리바게뜨 카페삼청,서울 종로구 창덕궁1길 42 1층
파리바게뜨 쌍문사거리,서울특별시 도봉구 쌍문동 80-49 1층
파리바게뜨 상계보람,서울특별시 노원구 한글비석로 436
파리바게뜨 선릉진선,서울 강남구 선릉로 422 1층 2
파리바게뜨 대치행복,서울특별시 강남구 대치동 989-10
파리바게뜨 PB선릉아이타워,서울 강남구 역삼동 707-27 1층
파리바게뜨 상계제일,서울시 노원구 노원로 540
파리바게뜨 수유벽산,서울특별시 강북구 삼양로 424
파리바게뜨 수유2동,서울시 강북구 수유동 256-18번지
파리바게뜨 창동제일,서울특별시 도봉구 해등로 145 1층
파리바게뜨 언주역,서울 강남구 논현로 604 태성빌딩 1층
파리바게뜨 대치삼성,서울특별시 강남구 도곡로 444 1층
파리바게뜨 대청타워,서울시 강남구 개포로 623
파리바게뜨 당고개,서울 노원구 덕릉로 780
파리바게뜨 쌍문초교,서울 도봉구 노해로41길 26
파리바게뜨 카페신사,서울 서초구 잠원동 20-5 인성빌딩1층
파리바게뜨 가락시장역,서울시 송파구 송파대로 288
파리바게뜨 종로구청,"서울시 종로구 삼봉로 95 종로1가 대성 스카이렉스 107,108호"
파리바게뜨 명동역남산,서울시 중구 퇴계로 118
파리바게뜨 한티역,서울 강남구 선릉로64길 19
파리바게뜨 이태원,서울시 용산구 이태원로 211
파리바게뜨 창동현대,서울시 도봉구 창동 749-16
파리바게뜨 일원주공,서울 강남구 양재대로55길 13 조이빌딩 1층
파리바게뜨 경찰병원역,
파리바게뜨 가락소망,서울특별시 송파구 중대로 132
파리바게뜨 개롱역,서울특별시 송파구 오금로 404 원일빌딩1층
파리바게뜨 대치역,서울 강남구 삼성로 155
파리바게뜨 쌍문신원,서울시 도봉구 해등로 190
파리바게뜨 무교,서울 중구 남대문로 9길 40
파리바게뜨 잠원한신,서울특별시 서초구 나루터로 37 1층
파리바게뜨 강남영동,서울특별시 강남구 강남대로 532 1층동 1층
파리바게뜨 가락중앙,서울 송파구 동남로 202
파리바게뜨 마들역,서울 노원구 동일로 1545
파리바게뜨 역삼역,서울 강남구 논현로 509
파리바게뜨 문정동,서울시 송파구 중대로 68 샤르망 1층
파리바게뜨 도곡렉슬,서울 강남구 선릉로 225
파리바게뜨 보광,서울특별시 용산구 보광동 217-24
파리바게뜨 신논현교보타워,서울특별시 강남구 강남대로 118길 12 1층 2
파리바게뜨 문정현대,서울 송파구 동남로 167
파리바게뜨 이태원경리단,서울 용산구 이태원동 281-5
파리바게뜨 419탑,서울특별시 강북구 수유동 279-16
파리바게뜨 수서,서울 강남구 광평로51길 8 1층
파리바게뜨 마천,서울 송파구 거마로 58
파리바게뜨 강남세브란스,서울 강남구 언주로 311 1층
파리바게뜨 역삼포스틸,서울특별시 강남구 테헤란로20길 5
파리바게뜨 수서역,서울 강남구 광평로 280
파리바게뜨 방학역,서울 도봉구 도봉로150길 43
파리바게뜨 방학선덕,서울특별시 도봉구 방학동 734
파리바게뜨 개포,서울 강남구 개포로82길 13-9 세종빌딩 1층
파리바게뜨 방학중앙,서울 도봉구 도봉로 689
파리바게뜨 후암신흥,서울 용산구 신흥로 150
파리바게뜨 서소문,서울시 중구 서소문동 26 경서빌딩 1층
파리바게뜨 서소문중앙,서울특별시 중구 서소문동 26 1층
파리바게뜨 상계중앙,서울 노원구 동일로 1596
파리바게뜨 방학,서울특별시 도봉구 방학로 174
파리바게뜨 광화문,서울 종로구 세종대로23길 54 세종빌딩 101호
파리바게뜨 반포제일,서울특별시 서초구 강남대로79길 59 1층
파리바게뜨 강남역,서울 강남구 강남대로 428
파리바게뜨 경복궁역,서울특별시 종로구 자하문로 5
파리바게뜨 역삼특허청,서울 강남구 테헤란로8길 22 1층
파리바게뜨 수서동성당,서울 강남구 광평로 196 1층
파리바게뜨 용산후암,서울시 용산구 후암동 105-3
파리바게뜨 거여,서울시 송파구 오금로 505 상호빌딩
파리바게뜨 일원역,서울 강남구 일원로 115
파리바게뜨 반포자이,"서울시 서초구 사평대로45길 10-25 반포자이주구중심상가2동104,105,112"
파리바게뜨 강남일원,서울 강남구 일원로14길 25
파리바게뜨 신분당선강남역,서울시 강남구 역삼동 396
파리바게뜨 청와대,서울시 종로구 신교동 58-1
파리바게뜨 우이,서울특별시 도봉구 삼양로 582
파리바게뜨 문정카페,서울시 송파구 송이로 238
파리바게뜨 서울역씨티타워,서울특별시 중구 남대문로5가 581 지하1층
파리바게뜨 역삼럭키,서울시 강남구 도곡로 181 일성빌딩
파리바게뜨 문정컬처밸리,"서울 송파구 송파대로 167 테라타워 G126 (지하1층, 광장측)"
파리바게뜨 방학서부,서울 도봉구 방학동 620-18
파리바게뜨 정동,서울특별시 중구 충정로1가 51-7 지상1층
파리바게뜨 도봉1동,서울시 도봉구 도봉로 767
파리바게뜨 개포행복,서울 강남구 선릉로 50 경빌딩 1층
파리바게뜨 반포타운,서울 서초구 신반포로23길 30 반원상가 1층
파리바게뜨 반포가든,서울 서초구 고무래로 32
파리바게뜨 강남서초,서울 서초구 강남대로 331 광일빌딩
파리바게뜨 숙대갈월,서울 용산구 두텁바위로 21
파리바게뜨 문정중앙,서울 송파구 새말로 140
파리바게뜨 고속터미널,서울특별시 서초구 신반포로 194 1층
파리바게뜨 매봉역,서울특별시 강남구 남부순환로378길 8
파리바게뜨 서대문역,서울 서대문구 통일로 145
파리바게뜨 수락산역,서울 노원구 동일로 1677
파리바게뜨 송파푸르지오,"서울시 송파구 새말로 62 1층 138, 139호"
파리바게뜨 뱅뱅사거리,서울 강남구 강남대로 302 1층
파리바게뜨 서대문행복,서울특별시 서대문구 충정로2가 99-22
파리바게뜨 충정디오빌,서울특별시 서대문구 서소문로 37 1층 일부
파리바게뜨 거여우성어반,서울 송파구 위례송파로 77
파리바게뜨 평창,서울특별시 종로구 평창동 331
파리바게뜨 남영역,서울 용산구 한강대로77길 21
파리바게뜨 충정로역,서울특별시 중구 중림로10 상가1동 104-1
파리바게뜨 센트럴시티,서울 서초구 신반포로 176 센트럴시티1층
파리바게뜨 국방부,서울 용산구 이태원로 22
파리바게뜨 양재본점,서울시 강남구 도곡동 959-36
파리바게뜨 삼각지역,서울 용산구 백범로99길 62
파리바게뜨 강남대로,서울 서초구 강남대로 261
파리바게뜨 반포래미안,"서울특별시 서초구 반포대로 287 래미안퍼스티지상가 1동 제1층-118호,"
파리바게뜨 자곡,"서울 강남구 자곡로 201 1층 122,123호"
파리바게뜨 양재행운,서울특별시 서초구 남부순환로356길 2 1층
파리바게뜨 교대법조타운,"서울특별시 서초구 서초중앙로24길 5 맨트맨빌딩101호,103호"
파리바게뜨 개포포레스트,서울 강남구 개포로 264
파리바게뜨 장지역,서울 송파구 충민로2길 28
파리바게뜨 위례호수공원,"서울시 송파구 위례광장로 200 1층 108, 109호"
파리바게뜨 독립문역,서울시 종로구 무악동 42번지
파리바게뜨 만리,서울시 용산구 만리재로 134
파리바게뜨 양재역,서울 서초구 강남대로 213 삼정스포타임
파리바게뜨 강남포이,서울 강남구 개포로 209 서호빌딩 1층
파리바게뜨 교대역,서울특별시 서초구 서초중앙로 109 광명빌딩 1층
파리바게뜨 종로구기,서울시 종로구 구기동 56-1
파리바게뜨 서초중앙,서울특별시 서초구 서초동 1604-18
파리바게뜨 아현,서울 서대문구 신촌로35길 10 402동 112호
파리바게뜨 도봉,서울특별시 도봉구 도봉동 561-11
파리바게뜨 PB이촌시그니처,서울시 용산구 이촌동 300-19
파리바게뜨 양재정원,서울 서초구 바우뫼로 175
파리바게뜨 양재삼호,서울 서초구 논현로17길 3 1층
파리바게뜨 효창,서울특별시 용산구 효창동 5-326
파리바게뜨 신용산역,서울시 용산구 새창로 217 토투밸리 1층
파리바게뜨 위례아이파크,"서울 송파구 위례광장로 136 상가동 1층 D-106,107,116,117호"
파리바게뜨 수락리버시티,서울 노원구 누원로 28
파리바게뜨 용산해링턴스퀘어,서울시 용산구 한강대로 92 국제빌딩
파리바게뜨 원효로,서울시 용산구 새창로 131
파리바게뜨 남부터미널,서울특별시 서초구 서초동 1602-1 삼경빌딩 1
파리바게뜨 애오개,서울 마포구 마포대로 183-28
파리바게뜨 세곡지구,서울특별시 강남구 세곡동 586
파리바게뜨 양재드림,서울 서초구 동산로 65 아주빌딩 1층
파리바게뜨 홍제,서울 서대문구 통일로 398 1층
파리바게뜨 홍은,서울 서대문구 홍은중앙로 104
파리바게뜨 홍제3동,서울 서대문구 세검정로 52-1
파리바게뜨 마포오거리,서울시 마포구 마포대로7길 11 용진빌딩
파리바게뜨 이대포스코,서울특별시 서대문구 이화여대길 52 이화포스코관 B101호
파리바게뜨 도원삼성,서울시 용산구 새창로 70 도원동 삼성래미안 상가
파리바게뜨 홍은벽산,서울시 서대문구 홍은중앙로 29
파리바게뜨 홍제인왕,서울 서대문구 세무서길 27
파리바게뜨 서초,서울 서초구 효령로 223 JY타워 1층
파리바게뜨 공덕역사,서울특별시 마포구 백범로 200 공덕역사 내 1023호
파리바게뜨 양재2호,서울 서초구 동산로 20 태화빌딩 1층
파리바게뜨 카페이대역,서울시 서대문구 이화여대길 6
파리바게뜨 홍제역,서울시 서대문구 통일로 461
파리바게뜨 이대자이,서울 마포구 대흥로 183
파리바게뜨 연대이화,서울 서대문구 성산로 523
파리바게뜨 방배카페골목,서울특별시 서초구 방배중앙로 181 1층
파리바게뜨 마포염리,서울특별시 마포구 대흥로 120
파리바게뜨 마포,서울 마포구 도화길 14
파리바게뜨 내방역,서울 서초구 방배로 147 1층
파리바게뜨 용산산천,서울 용산구 원효로 51
파리바게뜨 마포역,서울 마포구 마포대로 33
파리바게뜨 대흥역,서울 마포구 백범로 98-1
파리바게뜨 양재하나로,서울 서초구 청계산로 10
파리바게뜨 신촌2호,서울특별시 서대문구 신촌로 117 1층 1호
파리바게뜨 방배역센트럴,서울시 서초구 방배동 909-6 센트럴빌딩 B1층 102호
파리바게뜨 서대문구청,서울 서대문구 모래내로 355
파리바게뜨 연희안산,"서울시 서대문구 연희동 138-67 외 1 지상 1,2층"
파리바게뜨 양지공사,서울시 서초구 방배동 981-15
파리바게뜨 방배,서울특별시 서초구 방배로 52 1층
파리바게뜨 카페신촌,서울시 서대문구 창천동 18-10
파리바게뜨 서강신수,서울 마포구 광성로 44
파리바게뜨 중앙대,서울특별시 동작구 서달로13길 5-30 1층
파리바게뜨 녹번역,서울 은평구 은평로 235
파리바게뜨 방배현대,서울 서초구 서초대로1길 12
파리바게뜨 연희,서울 서대문구 연희로 114
파리바게뜨 서초네이처,서울 서초구 태봉로 62 1층
파리바게뜨 이수태평,"서울특별시 동작구 사당동 139-1 1층(101,102호)"
파리바게뜨 내곡지구,서울 서초구 헌릉로8길 42 1층
파리바게뜨 사당신동아,서울 동작구 동작대로29길 80 1층
파리바게뜨 신촌숲길,서울시 마포구 서강로 111
파리바게뜨 은평구청,서울 은평구 은평로 200-1
파리바게뜨 노들역,서울 동작구 매봉로 180 지상1층
파리바게뜨 불광역,서울시 은평구 녹번동 117-111
파리바게뜨 광흥창역,서울 마포구 독막로 172
파리바게뜨 연희대우,서울특별시 서대문구 연희동 356-1
파리바게뜨 사당3동,서울 동작구 사당로23길 164 1층
파리바게뜨 불광현대,서울특별시 은평구 불광로 38 1층
파리바게뜨 독바위역,서울시 은평구 불광동 221-12
파리바게뜨 충암,서울시 서대문구 가좌로 144 부원빌딩
파리바게뜨 불광로데오,서울 은평구 통일로 747
파리바게뜨 명지대,서울 서대문구 증가로 130
파리바게뜨 사당역,서울특별시 동작구 사당동 1031-28
파리바게뜨 노량진역,서울 동작구 노량진로 161 1층
파리바게뜨 남성역두산,서울특별시 동작구 사당로17가길 22 1층
파리바게뜨 서부병원,서울특별시 은평구 은평로 136 은경빌딩 103호
파리바게뜨 연남하늘채,"서울 마포구 연남로 42 연남동, 코오롱하늘채아파트"
파리바게뜨 사당,서울특별시 관악구 남현동 1061-25 26 지상 1층 가호
파리바게뜨 상도건영,"서울특별시 동작구 상도동 20-8 은혜발당 103,104,105"
파리바게뜨 상도역,서울시 동작구 양녕로 266 1층
파리바게뜨 불광,서울시 은평구 연서로 286 1층
파리바게뜨 역촌역,서울특별시 은평구 서오릉로 86 1층
파리바게뜨 상수,서울시 마포구 상수동 309-9
파리바게뜨 숭실대입구역,서울특별시 동작구 사당로 6 1층
파리바게뜨 관악남현,서울 관악구 남현길 7 남현동 1058-6
파리바게뜨 여의도2호,서울 영등포구 여의도동 41-2
파리바게뜨 숭실대,서울 동작구 상도로 360 1층
파리바게뜨 서초참누리,서울 서초구 양재대로2길 109 서초참누리에코리치
파리바게뜨 노량진2호,서울 동작구 노량진로 118 1층
파리바게뜨 은평행복,서울특별시 은평구 응암로 247 1층
파리바게뜨 서교,서울시 마포구 월드컵북로 34
파리바게뜨 대림시장,서울 은평구 응암로 175
파리바게뜨 가재울뉴타운,서울시 서대문구 거북골로 120
파리바게뜨 관악푸르지오,서울특별시 관악구 청림6길
파리바게뜨 응암역,서울 은평구 진흥로 9
파리바게뜨 가좌역,서울시 서대문구 수색로 32
파리바게뜨 수도방위사령부,서울시 관악구 과천대로 851
파리바게뜨 은평뉴타운2지구,서울 은평구 진관동 83 우물골 205동 B 105호
파리바게뜨 여의경도상가,서울 영등포구 여의대방로 383
파리바게뜨 연신내,서울 은평구 통일로 855-8
파리바게뜨 연신내역,서울 은평구 통일로 855-8
파리바게뜨 구산역,서울 은평구 서오릉로 140 1층
파리바게뜨 신사오거리,서울시 은평구 신사동 2-17
파리바게뜨 새절역,서울 은평구 증산로 389
파리바게뜨 역말사거리,서울 은평구 역촌동 62-1
파리바게뜨 합정역,서울특별시 마포구 양화로 71 1층
파리바게뜨 장승배기역,서울 동작구 장승배기로 76
파리바게뜨 가좌중앙,서울시 서대문구 북가좌동 329-35
파리바게뜨 관악드림,"서울 관악구 성현로 80 관악드림타운주상가 2층 제 201호, 제"
파리바게뜨 상도4동,서울 동작구 양녕로26길 29 파크빌딩 1층
파리바게뜨 마포성서,서울시 마포구 성산동 243-4
파리바게뜨 관악행운,서울 관악구 관악로 232-1
파리바게뜨 가재울래미안,서울 서대문구 응암로 54 1층
파리바게뜨 합정역사거리,서울시 마포구 독막로 4
파리바게뜨 증산역,서울 은평구 증산로 299
파리바게뜨 여의도,서울특별시 영등포구 여의나루로 42
파리바게뜨 갈현로데오,"서울특별시 은평구 갈현로 251 지하1층, 1층"
파리바게뜨 낙성대역,서울특별시 관악구 봉천로 603 1층
파리바게뜨 역촌2호,서울 은평구 갈현로 46
파리바게뜨 은평뉴타운,서울특별시 은평구 진관4로 48-8
파리바게뜨 동작대방,서울 동작구 등용로 85 1층
파리바게뜨 은평신사,서울시 은평구 가좌로 325 1층
파리바게뜨 서오릉,서울특별시 은평구 서오릉로 200
파리바게뜨 대방역,서울시 영등포구 여의대방로62길 2 봉덕빌딩
파리바게뜨 망원새나래,서울시 마포구 망원동 379-1
파리바게뜨 은평진관,"서울시 은평구 진관동 100-4 어드밴스힐 100,111호"
파리바게뜨 서울대입구역,서울특별시 관악구 봉천로 475 1층
파리바게뜨 여의도KBS,서울 영등포구 의사당대로 26 1층
파리바게뜨 관악현대,서울 관악구 양녕로 50 금강빌딩 1층
파리바게뜨 PB은평성모병원,서울 은평구 진관동 93-6
파리바게뜨 성산시영,서울 마포구 월드컵북로 218
파리바게뜨 서울대샤로수길,서울 관악구 봉천동 856-1
파리바게뜨 성산행복,서울시 마포구 월드컵로 148
파리바게뜨 은평뉴타운5단지,서울특별시 은평구 진관동 92 5단지 529동 101호
파리바게뜨 국회의사당,서울시 영등포구 의사당대로 1
파리바게뜨 은평뉴타운3지구,서울 은평구 진관3로 67
파리바게뜨 관악벽산,서울 관악구 은천로 92
파리바게뜨 서울대,서울 관악구 남부순환로218길 1 서울대역마에스트로 1층 101호
파리바게뜨 망원,서울시 마포구 망원동 423-1
파리바게뜨 성대시장,서울 동작구 상도로 102
파리바게뜨 대방대림,서울 동작구 여의대방로 250
파리바게뜨 마포구청,서울 마포구 월드컵로 204
파리바게뜨 신길성애,서울 영등포구 영등포로84길 16
파리바게뜨 디지털미디어시티역,서울 은평구 수색로 195
파리바게뜨 신길역,서울시 영등포구 영등포로 359
파리바게뜨 관악은천,서울 관악구 봉천로23나길 69 1층
파리바게뜨 신대방삼거리역,서울 동작구 국사봉1길 4
파리바게뜨 봉천역,서울 관악구 남부순환로 1733
파리바게뜨 신길대신,서울 영등포구 도신로60길 6-1 미주메디컬센터 1층
파리바게뜨 한강성심병원,서울 영등포구 버드나루로7길 12
파리바게뜨 은천길입구,서울 관악구 은천로 1 1층
파리바게뜨 당산롯데,서울 영등포구 영중로 133
파리바게뜨 당산역삼성,서울특별시 영등포구 당산로 214
파리바게뜨 당곡사거리,서울 관악구 보라매로 14 1층
파리바게뜨 보라매역,서울 동작구 여의대방로 126 1층
파리바게뜨 보라매타운,서울 동작구 보라매로5가길 7 캐릭터 그린빌 1층
파리바게뜨 당산포스빌,서울 영등포구 양평로 67 포스빌 상가 1층
파리바게뜨 유스호스텔,서울 영등포구 영신로 200 1층
파리바게뜨 영등포,서울특별시 영등포구 영등포동3가 9-3
파리바게뜨 상암KBS,서울 마포구 월드컵북로 396 ㈜문화방송
파리바게뜨 상암DMC,서울 마포구 월드컵북로 396
파리바게뜨 신림양지,서울특별시 관악구 신림동 11-12
파리바게뜨 신림역,서울 관악구 신림로 329
파리바게뜨 영등포사러가,서울특별시 영등포구 신길로 167
파리바게뜨 신림사거리,서울 관악구 남부순환로 1597
파리바게뜨 신림신화,서울 관악구 신림로 199 1층
파리바게뜨 신풍역,서울 영등포구 신풍로 77
파리바게뜨 선유도역,서울 영등포구 양평로 122 1층
파리바게뜨 영등포대우,서울 영등포구 영신로9라길 16 1층
파리바게뜨 당산행복,서울 영등포구 국회대로 553
파리바게뜨 영등포구청,서울 영등포구 당산로 128-1
파리바게뜨 신림신원,서울특별시 관악구 신원로 2 1층
파리바게뜨 서울대녹두,서울특별시 관악구 대학길 17 1층
파리바게뜨 도림푸르지오,서울 영등포구 도림동 133-4
파리바게뜨 서울대학교,서울시 관악구 신림동 183 2층 서울대학교
파리바게뜨 신길돈보스코,서울특별시 영등포구 여의대방로7길 5
파리바게뜨 신림남부,서울특별시 관악구 호암로 602 1층
파리바게뜨 문래역,서울 영등포구 당산로 34 1층
파리바게뜨 도림사거리,서울 영등포구 도신로 86 1층
파리바게뜨 상암,서울특별시 마포구 월드컵북로 497 1층 105호~107호(상암동)
파리바게뜨 신대방역,서울 관악구 신사로 102
파리바게뜨 이대목동,서울 양천구 목동동로 427 1층
파리바게뜨 선유로,서울 영등포구 선유로 81 1층
파리바게뜨 도림,서울 영등포구 도영로 24
파리바게뜨 신목동역,서울 양천구 목동서로2길 22 1층
파리바게뜨 대림성모,서울특별시 영등포구 시흥대로 663
파리바게뜨 난곡사거리,서울 관악구 신림동 527-2
파리바게뜨 난곡세이브,서울특별시 관악구 난우길 16 1층
파리바게뜨 양평비즈타워,서울특별시 영등포구 영등포로 33
파리바게뜨 대림현대,서울 영등포구 대림로 247 1층
파리바게뜨 난곡문성,서울특별시 관악구 난곡로 263 1층
파리바게뜨 문래SK,서울 영등포구 선유로9길 10 1층
파리바게뜨 난곡,서울특별시 관악구 난곡로 182 1층
파리바게뜨 파리공원,서울 양천구 목동서로 67
파리바게뜨 염창역,서울특별시 강서구 염창동 282-22
파리바게뜨 신림푸르지오,서울특별시 관악구 남부순환로 1434 한미빌딩 1층
파리바게뜨 대림역,서울 영등포구 도림로 153 1층
파리바게뜨 염창,서울특별시 강서구 염창동 250-17
파리바게뜨 신도림TM,서울 구로구 새말로 97
파리바게뜨 신도림역,서울 구로구 경인로 661
파리바게뜨 염창3호,도로명서울특별시 강서구 양천로 657
파리바게뜨 목2동,서울 양천구 목동중앙북로 73 102호
파리바게뜨 신도림,서울 구로구 신도림로19길 7
파리바게뜨 구로제일,서울시 구로구 시흥대로 569
파리바게뜨 목동파라곤,서울 양천구 목동서로 155 1층
파리바게뜨 신목,서울 양천구 목동중앙로 95 1층
파리바게뜨 구로보건소,서울시 구로구 구로동 111-16
파리바게뜨 오목교,서울 양천구 목동동로12길 54
파리바게뜨 목3동,서울 양천구 목동중앙북로 31
파리바게뜨 구로대림,서울시 구로구 경인로59길 8 1층
파리바게뜨 난곡휴먼시아,서울 관악구 난곡로 60
파리바게뜨 강서블루나인,서울 강서구 양천로 583 240-21
파리바게뜨 구로구청,서울시 구로구 구로동 100-8
파리바게뜨 오목교역,서울 양천구 오목로 320 1층
파리바게뜨 목동3단지,서울 양천구 목동중앙로 39 1층
파리바게뜨 남구로,서울시 구로구 구로동 141-14
파리바게뜨 구로역,서울시 구로구 구로동 569-25
파리바게뜨 신정,서울특별시 양천구 신목로 34
파리바게뜨 목동사랑,서울 양천구 목동중앙본로7길 45 목동보미리즌빌 1층 103호
파리바게뜨 구로디지털,서울시 구로구 구로동 212-1
파리바게뜨 등촌2동,서울특별시 등촌2동 512-7
파리바게뜨 구로엘림,서울특별시 구로구 신도림로 2
파리바게뜨 목동8단지,서울 양천구 목동서로 295 1층
파리바게뜨 독산4동,서울 금천구 독산로75길 3 1층
파리바게뜨 구로고대,서울시 구로구 구로동 729-12
파리바게뜨 목동역,서울 양천구 목동로 210 1층
파리바게뜨 가양역,서울특별시 강서구 등촌동 628
파리바게뜨 금천가산,서울 금천구 시흥대로153길 99 1층
파리바게뜨 금천정훈단지,서울 금천구 독산로 211 1층
파리바게뜨 금천독산,서울특별시 금천구 독산동 289-7 1층
파리바게뜨 강서하이웨이,서울 강서구 공항대로 425
파리바게뜨 목동오거리,서울 양천구 오목로 218 1층
파리바게뜨 가양시드,서울특별시 강서구 가양2동 1479-4
파리바게뜨 금천법원단지,서울 금천구 독산로 135-1 1층
파리바게뜨 구로,서울특별시 구로구 구일로4길 46
파리바게뜨 화곡2동,서울특별시 강서구 화곡동 836-1
파리바게뜨 가산대륭,서울 금천구 벚꽃로 298 대륭 포스트타워 6차 1층
파리바게뜨 금천시흥2동,서울 금천구 금하로 750
파리바게뜨 양천구청,서울특별시 양천구 목동동로 73 1층
파리바게뜨 강서구청,서울특별시 강서구 화곡동 1117-19
파리바게뜨 구일역,서울 구로구 구일로10길 27
파리바게뜨 신정갈산,서울 양천구 목동남로 48
파리바게뜨 가산디지털,서울 금천구 가산디지털1로 168 2층
파리바게뜨 금천은행나무,서울 금천구 금하로 711 1층
파리바게뜨 가산에이스,서울특별시 금천구 가산디지털1로 145 145
파리바게뜨 등촌그랜드,서울특별시 강서구 등촌동 697-1
파리바게뜨 화곡곰달래,서울특별시 강서구 화곡동 873-1
파리바게뜨 고척시장,서울 구로구 경인로47다길 3
파리바게뜨 독산역,서울 금천구 범안로 1152
파리바게뜨 신정역,서울특별시 양천구 오목로 149
파리바게뜨 독산2호,서울 금천구 가산디지털1로 2 우림라이온스벨리2차 1층
파리바게뜨 시흥뉴타운,서울 금천구 시흥대로 204 성보빌딩 1층
파리바게뜨 금천롯데캐슬,서울 금천구 벚꽃로 40 1층
파리바게뜨 양천향교,서울특별시 강서구 등촌동 684-3
파리바게뜨 고척2동,서울시 구로구 고척동 194-1
파리바게뜨 신정네거리역,서울 양천구 중앙로 251
파리바게뜨 신트리,"서울 양천구 신정로 312 뉴프라자 105,109호"
파리바게뜨 금천구청역,서울 금천구 시흥대로63길 91 1층
파리바게뜨 화곡본동,서울특별시 강서구 화곡본동 110-66
파리바게뜨 금천한양,서울 금천구 시흥대로 149 1층
파리바게뜨 까치산역,서울특별시 강서구 화곡동 343-2
파리바게뜨 발산역,서울시 강서구 강서로 380 세민빌딩
파리바게뜨 개봉역북부,서울특별시 구로구 경인로40길 41
파리바게뜨 화곡역,서울시 강서구 화곡로 161 대성빌딩 103호
파리바게뜨 마곡발산,서울 강서구 마곡중앙6로 69 1층
파리바게뜨 발산중앙,서울특별시 강서구 내발산동 678-9
파리바게뜨 개봉역,서울 구로구 개봉동 407-15
파리바게뜨 우장산역,서울시 강서구 강서로 247
파리바게뜨 신월2호,서울특별시 양천구 월정로 29
파리바게뜨 화곡대림,서울특별시 강서구 화곡1동 361-1
파리바게뜨 고척제일,서울특별시 구로구 고척로 140
파리바게뜨 개봉,서울특별시 구로구 개봉로 63
파리바게뜨 신월곰달래,서울 양천구 곰달래로 48
파리바게뜨 신곡시장,서울 양천구 신월로 165
파리바게뜨 화곡3동,서울특별시 강서구 화곡동 1068-32
파리바게뜨 마곡역,서울시 강서구 마곡중앙6로 21
파리바게뜨 금천석수,서울 금천구 시흥대로 6
파리바게뜨 양천학마을,서울 양천구 신정로13길 3 대우미래사랑 상가 1층
파리바게뜨 개봉한진,서울특별시 구로구 개봉로3길 14-2
파리바게뜨 마곡나루역,서울 강서구 마곡중앙5로1길 20
파리바게뜨 개봉푸르뫼,서울특별시 구로구 고척로 101
파리바게뜨 내발산,서울특별시 강서구 내발산동 750-11
파리바게뜨 마곡사거리,서울특별시 강서구 마곡동 728-266
파리바게뜨 양천푸른,서울 양천구 신정로7길 60-5 동일프라자 1층
파리바게뜨 신월7동,서울 양천구 지양로 75 1층 3호
파리바게뜨 신월5동,서울 양천구 화곡로 50
파리바게뜨 신월사거리,서울 양천구 남부순환로 358
파리바게뜨 오류역,서울시 구로구 오류동 37-2
파리바게뜨 신방화,서울특별시 강서구 방화동 890-3
파리바게뜨 마곡신방화역,"서울 강서구 마곡중앙5로 81 1층 111호, 112호"
파리바게뜨 오류역남부,서울특별시 구로구 오류로8길 16 세명프라자 103.104
파리바게뜨 마곡힐스테이트,서울시 강서구 마곡중앙1로 71
파리바게뜨 서남병원,서울 양천구 신정이펜1로 50 서이펜하우스상가 1층
파리바게뜨 방화역,서울특별시 강서구 방화동 830-1
파리바게뜨 천왕역,서울 구로구 천왕로 106
파리바게뜨 천왕에이스,서울특별시 구로구 천왕로 32
파리바게뜨 방화,서울특별시 강서구 방화1동 488-4
파리바게뜨 송정역,서울시 강서구 공항대로 24
파리바게뜨 구로궁동,서울특별시 구로구 오리로 1289
파리바게뜨 PB김포공항국내선,서울 강서구 공항동 1373번지 김포국제공항 국내선청사 1층
파리바게뜨 PB김포공항 국제선,서울시 강서구 하늘길 38 국제선청사 2층 일반대합실
파리바게뜨 온수역남부,서울특별시 구로구 경인로3길 77 세건빌딩 101.102
파리바게뜨 온수역,서울특별시 구로구 부일로1길 4
파리바게뜨 구로항동,서울 구로구 항동로3길 4
파리바게뜨 신흥사거리,인천 중구 서해대로 458 1층
파리바게뜨 인하대병원,인천 중구 인항로 27 1층
파리바게뜨 연안부두,인천 중구 축항대로86번길 38 1층
파리바게뜨 영종현대,인천시 중구 하늘별빛로 65번길 7-4 현대프라자 105호
파리바게뜨 영종스카이,인천시 중구 하늘달빛로 78 힐링프라자 101~102호
파리바게뜨 영종하늘,인천시 중구 운남로 150 1층
파리바게뜨 영종운서,인천 중구 넙디로 13
파리바게뜨 운서프라자,인천시 중구 백년로128번길 21
파리바게뜨 공항신도시,인천시 중구 운서동 2793-1
파리바게뜨 인천공항탑승동,인천 중구 운서동 2851번지 인천국제공항 탑승동(A/S) 3층
파리바게뜨 PB인천공항 플라워,인천광역시 중구 운서동 2868 인천공항 일반동 1층
파리바게뜨 PB인천공항 가든,인천광역시 중구 운서동 2868 인천국제공항
파리바게뜨 인천공항에어사이드,인천 중구 공항로 272 에어사이드
파리바게뜨 대전중촌현대,대전시 중구 중촌동 99-1
파리바게뜨 대전목동,대전시 중구 목동 24-60
파리바게뜨 대전중촌1호,대전시 중구 목동 8-19
파리바게뜨 삼부프라자,대전 중구 태평로 71
파리바게뜨 대전태평,대전광역시 중구 유천동 189-5
파리바게뜨 대전용두선화,대전 중구 중앙로 23-17
파리바게뜨 대전삼성,대전시 중구 오류동 162-1
파리바게뜨 문화센트럴,대전 중구 계룡로 918번길 24
파리바게뜨 서대전,대전광역시 중구 문화1동 서문로 105
파리바게뜨 한밭도서관,대전 중구 서문로 13
파리바게뜨 대전부사,대전 중구 대종로 301
파리바게뜨 대전산성,대전시 중구 산성동 121-9
파리바게뜨 대구수창,대구 중구 서성로 99 판매시설동 142호
파리바게뜨 서문시장역,대구 중구 달성로 51
파리바게뜨 대구남산,대구 중구 달구벌대로 1950
파리바게뜨 대구중앙로,대구 중구 중앙대로 410
파리바게뜨 보성황실,대구 중구 남산로 57
파리바게뜨 대구반월당,대구 중구 달구벌대로 2123
파리바게뜨 반월메트로,대구 중구 달구벌대로 지하 2100 메트로센터지하상가 C-109호
파리바게뜨 대구명덕,대구 중구 중앙대로 297
파리바게뜨 경대병원,대구 중구 동덕로 123
파리바게뜨 대구대봉,대구 중구 대봉로 226 대봉화성그린빌 아파트 103호 ((대봉동)
파리바게뜨 울산다운삼성,울산광역시 남구 운곡길 73
파리바게뜨 울산성안,울산 중구 함월로 113
파리바게뜨 울산장현,울산 중구 종가로 737
