store_title,store_addr,gu,dong
파리바게뜨 사가정센트럴아이파크,서울 중랑구 동일로92길 40,중랑구,면목동
파리바게뜨 사가정역,서울 중랑구 사가정로 52길,중랑구,면목동
파리바게뜨 면목중앙,서울 중랑구 면목로 362,중랑구,면목동
파리바게뜨 용마산역,서울 중랑구 답십리로75길 73 109동 101호,중랑구,면목동
파리바게뜨 면목동부,서울시 중랑구 동일로101길 49,중랑구,면목동
파리바게뜨 휘경주공,서울특별시 동대문구 사가정로25길 58 1층,동대문구,장안동
파리바게뜨 면목역,서울특별시 중랑구 겸재로 181,중랑구,면목동
파리바게뜨 장안2동,서울특별시 동대문구 장한로32길 17,동대문구,장안동
파리바게뜨 장안배봉,서울특별시 동대문구 한천로 189 1층,동대문구,장안동
파리바게뜨 장안,서울 동대문구 장한로 130,동대문구,장안동
파리바게뜨 중랑역,"서울특별시 중랑구 중화동 208-33 동양엔파트 120호, 121호",중랑구,중화동
파리바게뜨 상봉역,서울 중랑구 면목로 480,중랑구,상봉동
파리바게뜨 장안현대,서울 동대문구 장안벚꽃로 107,동대문구,장안동
파리바게뜨 휘경중앙,서울 동대문구 망우로 129,동대문구,휘경동
파리바게뜨 망우겸재,서울 중랑구 용마산로 442,중랑구,망우동
파리바게뜨 중곡역,서울 광진구 능동로 409,광진구,중곡동
파리바게뜨 전농삼성,서울특별시 동대문구 전농로16길 56,동대문구,전농동
파리바게뜨 휘경,서울특별시 동대문구 망우로 74,동대문구,휘경동
파리바게뜨 동답한신,서울 동대문구 한천로 86,동대문구,장안동
파리바게뜨 서울시립대,서울특별시 동대문구 전농동 90,동대문구,전농동
파리바게뜨 중화역,서울 중랑구 동일로 795,중랑구,중화동
파리바게뜨 전농사거리,서울특별시 동대문구 전농로 151 1층,동대문구,전농동
파리바게뜨 우림시장,서울 중랑구 용마산로 497,중랑구,망우동
파리바게뜨 전농,서울 동대문구 전농로 102,동대문구,답십리동
파리바게뜨 장한평,서울특별시 동대문구 장한로2길 7 1층,동대문구,장안동
파리바게뜨 신이문역,서울특별시 동대문구 신이문로25길 1,동대문구,이문동
파리바게뜨 답십리위브,서울특별시 동대문구 답십리로 130 근생동 1-5호,동대문구,답십리동
파리바게뜨 경희대,서울 동대문구 경희대로 8-1,동대문구,회기동
파리바게뜨 외대후문,서울특별시 동대문구 천장산로7길 4 지층 1층,동대문구,이문동
파리바게뜨 중곡신성,서울특별시 광진구 중곡동 123-1,광진구,중곡동
파리바게뜨 군자사랑,서울특별시 광진구 중곡동 341-7,광진구,중곡동
파리바게뜨 군자역,서울시 광진구 능동로 297,광진구,군자동
파리바게뜨 망우금란,서울 중랑구 망우로 467,중랑구,망우동
파리바게뜨 신내제일,서울 중랑구 신내로14길 18,중랑구,신내동
파리바게뜨 신내중앙,서울특별시 중랑구 신내동 666 1층,중랑구,신내동
파리바게뜨 청량리,서울 동대문구 왕산로 225,동대문구,청량리동
파리바게뜨 답십리역,서울시 성동구 용답동 1-2,성동구,용답동
파리바게뜨 전농동아,서울 동대문구 서울시립대로 31,동대문구,전농동
파리바게뜨 묵동삼거리,서울 중랑구 공릉로 2길 3,중랑구,묵동
파리바게뜨 대공원,서울시 광진구 구의동 53-10,광진구,구의동
파리바게뜨 세종대,서울특별시 광진구 군자동 98번지 세종대학교 내학생회관1층,광진구,군자동
파리바게뜨 석계두산,서울시 성북구 석관동 133-66,성북구,석관동
파리바게뜨 석관,서울특별시 성북구 석관동 350-1,성북구,석관동
파리바게뜨 동대문구청,서울특별시 동대문구 고산자로 410 1층,동대문구,용두동
파리바게뜨 화양시장,서울 광진구 군자로 70,광진구,군자동
파리바게뜨 봉화산역,"서울특별시 중랑구 신내로 211 금강리빙스텔 145호, 146호, 147호",중랑구,신내동
파리바게뜨 마장역,서울시 성동구 마장로 283,성동구,마장동
파리바게뜨 제기동역,서울특별시 동대문구 왕산로 118,동대문구,용두동
파리바게뜨 화양리,서울특별시 광진구 화양동 111-204,광진구,화양동
파리바게뜨 고대역,서울 동대문구 제기동 136-54,동대문구,제기동
파리바게뜨 성동세무서,서울 성동구 광나루로 319,성동구,송정동
파리바게뜨 한양대학교병원,서울시 성동구 사근동 110 동관 1층,성동구,사근동
파리바게뜨 구의파크,서울 광진구 광나루로 545,광진구,구의동
파리바게뜨 마장대로,서울시 성동구 마장동 474-25,성동구,마장동
파리바게뜨 월계,서울시 노원구 월계동 68-6,노원구,월계동
파리바게뜨 월곡동아,서울시 성북구 상월곡동 50-9,성북구,상월곡동
파리바게뜨 석계역,"서울시 노원구 마들로 31 상가동 107,108,148호",노원구,월계동
파리바게뜨 동덕여대,서울 성북구 화랑로11길 7,성북구,하월곡동
파리바게뜨 한양대,서울 성동구 사근동길 2 1층,성동구,행당동
파리바게뜨 화랑대역,서울 노원구 노원로1길 74,노원구,공릉동
파리바게뜨 건대,서울특별시 광진구 화양동 15-54,광진구,화양동
파리바게뜨 육사화랑회관,서울 노원구 화랑로 564 육군사관학교 1층,노원구,공릉동
파리바게뜨 왕십리역사,서울특별시 성동구 왕십리광장로 17 지상2층,성동구,행당동
파리바게뜨 종암,서울 성북구 종암로 96,성북구,종암동
파리바게뜨 안암오거리,서울특별시 동대문구 안암로 80,동대문구,제기동
파리바게뜨 공릉역,서울특별시 노원구 공릉동 567-5 1층,노원구,공릉동
파리바게뜨 용두신동아,서울시 동대문구 천호대로68 (용두동),동대문구,용두동
파리바게뜨 신내우디안,서울 중랑구 신내역로1길 85,중랑구,신내동
파리바게뜨 안암역,서울시 성북구 안암동 5가 102-48,성북구,안암동5가
파리바게뜨 카페광장힐스테이트,서울 광진구 아차산로 537-17,광진구,광장동
파리바게뜨 성수역,서울 성동구 아차산로7길 8,성동구,성수동2가
파리바게뜨 왕십리,서울 성동구 왕십리로 328,성동구,도선동
파리바게뜨 건대역로데오,서울 광진구 아차산로 30길 3,광진구,자양동
파리바게뜨 월곡두산,서울 성북구 하월곡동 76-7,성북구,하월곡동
파리바게뜨 공릉화랑,"서울특별시 노원구 화랑로51길 38 밀레니엄타워 103호, 104호",노원구,공릉동
파리바게뜨 카페광장,서울 광진구 아차산로70길 26,광진구,광장동
파리바게뜨 뚝섬역,"서울 성동구 상원길 39 상가동 1층 105, 106, 107호",성동구,성수동1가
파리바게뜨 성동구민회관,서울 성동구 고산자로6길 40,성동구,행당동
파리바게뜨 광진구청,서울특별시 광진구 구의동 252-15,광진구,구의동
파리바게뜨 육사생도회관,서울 노원구 공릉동 1-1 생도회관 1층,노원구,공릉동
파리바게뜨 육군사관학교,서울 노원구 공릉동 1-1 충무관 1층,노원구,공릉동
파리바게뜨 광운대역,서울 노원구 석계로 95 1층,노원구,월계동
파리바게뜨 왕십리텐즈힐,서울시 성동구 무학로 33 151동 1층 101호,성동구,하왕십리동
파리바게뜨 건대동문회관,서울특별시 광진구 자양동 227-336,광진구,자양동
파리바게뜨 왕십리무학,서울시 성동구 하왕십리동 957,성동구,하왕십리동
파리바게뜨 종암사거리,서울시 성북구 종암동 3-544 1층,성북구,종암동
파리바게뜨 장위뉴타운,"서울특별시 성북구 한천로 713 515동 2-106, 107호",성북구,장위동
파리바게뜨 신설동역,서울시 동대문구 신설동 98-32 교보재단빌딩,동대문구,신설동
파리바게뜨 장위동방,서울특별시 성북구 장위로 39,성북구,장위동
파리바게뜨 공릉,서울특별시 노원구 공릉동 208-5,노원구,공릉동
파리바게뜨 성수코오롱,서울 성동구 성수이로7길 27,성동구,성수동2가
파리바게뜨 하월곡동일,서울시 성북구 하월곡동 90-1776,성북구,하월곡동
파리바게뜨 서울숲역,서울 성동구 왕십리로 92,성동구,성수동1가
파리바게뜨 월곡래미안,서울시 성북구 하월곡동 79-107,성북구,하월곡동
파리바게뜨 강변프라임,서울특별시 광진구 구의동 631-1,광진구,구의동
파리바게뜨 행당,서울특별시 성동구 행당로6길 97 B동 213호,성동구,행당동
파리바게뜨 동서울터미널,서울특별시 광진구 구의동 546-11,광진구,구의동
파리바게뜨 공릉풍림,서울시 노원구 섬밭로 139,노원구,공릉동
파리바게뜨 장위참누리,서울특별시 성북구 월계로40길 7 107호,성북구,장위동
파리바게뜨 암사역,서울시 강동구 올림픽로 777,강동구,암사동
파리바게뜨 미아경남,서울시 강북구 오패산로 130 1층,강북구,미아동
파리바게뜨 자양현대,서울특별시 광진구 자양동 553-502,광진구,자양동
파리바게뜨 황학롯데,서울시 중구 황학동 2545 롯데캐슬베네치아몰 1층,중구,황학동
파리바게뜨 보문역,서울특별시 성북구 보문로 119,성북구,보문동2가
파리바게뜨 신당역아크로,서울 중구 퇴계로 447,중구,황학동
파리바게뜨 뚝도시장,서울시 성동구 성수동2가 507-1,성동구,성수동2가
파리바게뜨 길음역,서울 성북구 동소문로 248,성북구,길음동
파리바게뜨 미아사거리역,서울시 강북구 도봉로8길 11,강북구,미아동
파리바게뜨 자양2호,서울시 광진구 자양동 606-10,광진구,자양동
파리바게뜨 뚝섬유원지역,서울특별시 광진구 자양동 855,광진구,자양동
파리바게뜨 암사브라운스톤,서울시 강동구 올림픽로92길 61,강동구,천호동
파리바게뜨 월계롯데,서울 노원구 월계로45길 28,노원구,월계동
파리바게뜨 성북구청,서울시 성북구 삼선동 5가 328,성북구,삼선동5가
파리바게뜨 응봉,서울특별시 성동구 응봉동 200-1 지상1층,성동구,응봉동
파리바게뜨 성신여대,서울 성북구 동선동1가 99,성북구,동선동1가
파리바게뜨 길음래미안,서울 성북구 길음동 1283-4,성북구,길음동
파리바게뜨 월계사슴,서울시 노원구 월계동 321-2 희성프라자 1층 109호,노원구,월계동
파리바게뜨 신당,서울특별시 중구 다산로44길 53 삼원상가 104호,중구,신당동
파리바게뜨 암사양지,서울 강동구 고덕로 102,강동구,암사동
파리바게뜨 하계미성,서울 노원구 공릉로59길 18,노원구,하계동
파리바게뜨 정릉대림,서울 성북구 정릉동 1035-6,성북구,정릉동
파리바게뜨 금호1가,서울 성동구 난계로 35,성동구,금호동1가
파리바게뜨 미아영훈,서울특별시 강북구 도봉로13길 13,강북구,미아동
파리바게뜨 동묘역,서울특별시 종로구 지봉로 43,종로구,창신동
파리바게뜨 동소문,서울특별시 성북구 아리랑로 15,성북구,동소문동6가
파리바게뜨 천호중앙,서울 강동구 올림픽로 665 1층,강동구,천호동
파리바게뜨 암사롯데캐슬,서울 강동구 고덕로 133 1층,강동구,암사동
파리바게뜨 정릉제일,서울특별시 성북구 정릉로 307,성북구,정릉동
파리바게뜨 하계벽산,서울 노원구 섬밭로 209,노원구,하계동
파리바게뜨 길음동부,서울시 성북구 길음동 1125-6,성북구,길음동
파리바게뜨 번동주공,서울특별시 강북구 한천로 109길 53,강북구,번동
파리바게뜨 카페신당대림,서울특별시 중구 신당동 291-18 지상1층,중구,신당동
파리바게뜨 풍납사랑,서울 송파구 바람드리길 59 1층,송파구,풍납동
파리바게뜨 풍납초교,서울 송파구 풍성로 44 1층,송파구,풍납동
파리바게뜨 동대문역,서울시 종로구 창신동 542,종로구,창신동
파리바게뜨 신금호역,서울 성동구 금호산길 65,성동구,금호동2가
파리바게뜨 신당흥인,서울시 중구 신당동 251-160 204호,중구,신당동
파리바게뜨 성동금호,서울특별시 성동구 독서당로 312,성동구,금호동4가
파리바게뜨 아리랑고개,"서울시 성북구 돈암동 524 일신건영휴먼빌 상가 107,108호",성북구,돈암동
파리바게뜨 동소문한신,서울 성북구 성북로4길 52 스카이프라자빌딩 5층,성북구,돈암동
파리바게뜨 미아중앙,서울특별시 강북구 미아동 131-29,강북구,미아동
파리바게뜨 청구장충,서울특별시 중구 청구로 86 1층,중구,신당동
파리바게뜨 하계중앙,서울 노원구 노원로 254,노원구,하계동
파리바게뜨 명일역,서울 강동구 양재대로 1636 1층,강동구,명일동
파리바게뜨 한성대역,서울특별시 성북구 동소문로 11,성북구,동소문동1가
파리바게뜨 중계2동,서울 노원구 동일로203가길 29,노원구,중계동
파리바게뜨 정릉서경,서울특별시 성북구 서경로 78,성북구,정릉동
파리바게뜨 풍납,서울 송파구 토성로 58 도원빌딩 1층,송파구,풍납동
파리바게뜨 중계아울렛,서울특별시 노원구 동일로 204가길 46,노원구,중계동
파리바게뜨 카페미아역,서울특별시 강북구 도봉로 178,강북구,미아동
파리바게뜨 신창초교,서울시 도봉구 창3동 484-31,도봉구,창동
파리바게뜨 성내삼성,서울 강동구 풍성로37길 3 1층,강동구,성내동
파리바게뜨 강동구청,서울 강동구 성내로 19 1층 105호,강동구,성내동
파리바게뜨 굽은다리역,서울특별시 강동구 명일동 353-4,강동구,명일동
파리바게뜨 동대문역사,서울시 중구 광희동 1가 188-4,중구,광희동1가
파리바게뜨 강동역,서울 강동구 성안로 170,강동구,길동
파리바게뜨 카페정릉,서울 성북구 보국문로 40-3,성북구,정릉동
파리바게뜨 강동성내,서울특별시 강동구 천호대로 1092,강동구,성내동
파리바게뜨 금호역,서울특별시 성동구 동호로 93 401동 지2층 4호,성동구,금호동
파리바게뜨 중계무지개,서울 노원구 동일로 1280,노원구,중계동
파리바게뜨 카페약수,서울특별시 중구 신당동 359-6 1층,중구,신당동
파리바게뜨 청담사거리,서울특별시 강남구 도산대로 518 1층,강남구,청담동
파리바게뜨 장충,서울 중구 장충단로 175 1층,중구,장충동1가
파리바게뜨 혜화로타리,서울 종로구 창경궁로 269,종로구,혜화동
파리바게뜨 잠실파크리오,서울시 송파구 올림픽로37길 130,송파구,신천동
파리바게뜨 북한산시티,서울시 강북구 솔샘로 207-1,강북구,미아동
파리바게뜨 압구정현대,"서울특별시 강남구 압구정로 29길 71 제3동 1층 101호, 102호",강남구,압구정동
파리바게뜨 옥수역,서울 성동구 한림말3길 2,성동구,옥수동
파리바게뜨 남산,서울특별시 중구 다산로32,중구,신당동
파리바게뜨 중계역건영,서울시 노원구 동일로 1308,노원구,중계동
파리바게뜨 미아신일,서울특별시 강북구 도봉로 237,강북구,미아동
파리바게뜨 길동사거리,서울 강동구 천호대로 1134,강동구,성내동
파리바게뜨 압구정로데오,서울 강남구 선릉로 819 1층,강남구,신사동
파리바게뜨 삼양시장,서울특별시 강북구 미아동 777-18 1층 (미아동),강북구,미아동
파리바게뜨 잠실장미,서울 송파구 올림픽로35길 112,송파구,신천동
파리바게뜨 신창,서울시 도봉구 덕릉로 252,도봉구,창동
파리바게뜨 정릉풍림,서울 성북구 정릉동 239-1,성북구,정릉동
파리바게뜨 성내중앙,서울 강동구 풍성로 197 한강훼밀리아파트 1층,강동구,성내동
파리바게뜨 성대명륜,서울 종로구 명륜3가 2-38번지,종로구,명륜3가
파리바게뜨 중계본동,서울시 노원구 중계로14길 28,노원구,중계동
파리바게뜨 길동우성,서울 강동구 명일로 202 1층,강동구,길동
파리바게뜨 올림픽북문,서울특별시 강동구 성안로 9 한국방재협회 1층,강동구,성내동
파리바게뜨 삼성풍림,서울특별시 강남구 봉은사로103길 8 1층,강남구,삼성동
파리바게뜨 둔촌진흥,서울 강동구 천호대로 1200,강동구,둔촌동
파리바게뜨 강남구청카페,서울 강남구 학동로 421 원영빌딩,강남구,청담동
파리바게뜨 정릉국민대,서울시 성북구 정릉3동 894-13,성북구,정릉동
파리바게뜨 압구정역,서울특별시 강남구 논현로 868,강남구,신사동
파리바게뜨 동국대,서울시 중구 필동3가 10-17 1층,중구,필동3가
파리바게뜨 수유중앙,서울시 강북구 삼양로 307,강북구,수유동
파리바게뜨 잠실엘스,서울시 송파구 올림픽로 119 잠실파인애플상가,송파구,잠실동
파리바게뜨 학동사거리,서울특별시 강남구 도산대로 50길 21 1층,강남구,논현동
파리바게뜨 잠실역,서울 송파구 올림픽로 265,송파구,신천동
파리바게뜨 잠실리센츠,서울 송파구 올림픽로 145,송파구,잠실동
파리바게뜨 충무로진양,서울 중구 퇴계로 217,중구,충무로4가
파리바게뜨 고덕그라시움,서울특별시 강동구 고덕로 353,강동구,고덕동
파리바게뜨 신천역,서울시 송파구 올림픽로 118 청우빌딩 1층,송파구,잠실동
파리바게뜨 정릉청수,서울 성북구 정릉동 779-2,성북구,정릉동
파리바게뜨 카페수유역,서울특별시 강북구 수유동 229-4,강북구,수유동
파리바게뜨 번동,서울특별시 강북구 번1동 463-40,강북구,번동
파리바게뜨 갤러리아팰리스,서울특별시 송파구 잠실동 40 갤러리아팰리스,송파구,잠실동
파리바게뜨 을지로3가,서울 중구 을지로 지하 131 310호,중구,을지로3가
파리바게뜨 둔촌보훈,서울 강동구 진황도로 190 1층,강동구,둔촌동
파리바게뜨 강북구청,서울시 강북구 수유동 190-9,강북구,수유동
파리바게뜨 강남구청역,서울특별시 강남구 학동로 339 1층,강남구,논현동
파리바게뜨 강남삼성,서울 강남구 봉은사로 478 1층101호,강남구,삼성동
파리바게뜨 충무로역,서울특별시 중구 필동 1가 36-2,중구,필동1가
파리바게뜨 창동한신,서울 도봉구 창1동 651-66,도봉구,창동
파리바게뜨 강남구청센터,서울특별시 강남구 선릉로 659 1층,강남구,논현동
파리바게뜨 압구정신구초교,서울 강남구 압구정로18길 31,강남구,신사동
파리바게뜨 노원중앙,서울시 노원구 노해로 494,노원구,상계동
파리바게뜨 고덕강일성산,서울 강동구 아리수로93나길 26,강동구,강일동
파리바게뜨 종로세무서,서울시 종로구 낙원동 58-1,종로구,낙원동
파리바게뜨 상일중앙,서울시 강동구 고덕로 391,강동구,고덕동
파리바게뜨 카페삼청,서울 종로구 창덕궁1길 42 1층,종로구,계동
파리바게뜨 강남을지병원,서울 강남구 도산대로 206 1층,강남구,논현동
파리바게뜨 방이시장,서울특별시 송파구 백제고분로48길 5 왕산빌딩,송파구,방이동
파리바게뜨 강일리버파크,서울 강동구 아리수로93길 27,강동구,강일동
파리바게뜨 쌍문역,서울 도봉구 도봉로 473,도봉구,쌍문동
파리바게뜨 삼성역,서울특별시 강남구 영동대로 424,강남구,대치동
파리바게뜨 창동역서부,서울 도봉구 노해로63길 79,도봉구,창동
파리바게뜨 상계본점,서울특별시 노원구 한글비석로 15길 3,노원구,중계동
파리바게뜨 한남,서울시 용산구 대사관로 73 1층,용산구,한남동
파리바게뜨 삼성카페,서울시 강남구 대치동 944-24,강남구,대치동
파리바게뜨 방이,서울 송파구 위례성대로12길 24,송파구,방이동
파리바게뜨 방이1동,서울시 송파구 가락로 248,송파구,방이동
파리바게뜨 상계역,서울특별시 노원구 한글비석로 384,노원구,중계동
파리바게뜨 수유벽산,서울특별시 강북구 삼양로 424,강북구,수유동
파리바게뜨 쌍문사거리,서울특별시 도봉구 쌍문동 80-49 1층,도봉구,쌍문동
파리바게뜨 석촌,서울 송파구 백제고분로 385 임진각빌딩 1층,송파구,송파동
파리바게뜨 논현경복,서울 강남구 언주로114길 23 1층,강남구,논현동
파리바게뜨 수유2동,서울시 강북구 수유동 256-18번지,강북구,수유동
파리바게뜨 명동역남산,서울시 중구 퇴계로 118,중구,남산동1가
파리바게뜨 대치포스코,서울 강남구 삼성로85길 11 1층,강남구,대치동
파리바게뜨 고덕리엔파크,서울특별시 강동구 상일로 74,강동구,상일동
파리바게뜨 삼전,서울 송파구 백제고분로 261 1층,송파구,삼전동
파리바게뜨 쌍문초교,서울 도봉구 노해로41길 26,도봉구,쌍문동
파리바게뜨 역삼스포,서울특별시 강남구 강남구 역삼동 687,강남구,역삼동
파리바게뜨 창동제일,서울특별시 도봉구 해등로 145 1층,도봉구,창동
파리바게뜨 방이역,서울시 송파구 마천로 39,송파구,방이동
파리바게뜨 상계제일,서울시 노원구 노원로 540,노원구,상계동
파리바게뜨 상계보람,서울특별시 노원구 한글비석로 436,노원구,상계동
파리바게뜨 무교,서울 중구 남대문로 9길 40,중구,다동
파리바게뜨 이태원,서울시 용산구 이태원로 211,용산구,한남동
파리바게뜨 PB선릉아이타워,서울 강남구 역삼동 707-27 1층,강남구,역삼동
파리바게뜨 창동현대,서울시 도봉구 창동 749-16,도봉구,창동
파리바게뜨 언주역,서울 강남구 논현로 604 태성빌딩 1층,강남구,논현동
파리바게뜨 오금현대,서울 송파구 마천로 76,송파구,오금동
파리바게뜨 송파센트레빌,서울 송파구 가락로 108,송파구,석촌동
파리바게뜨 송파래미안,서울 송파구 오금로32길 30 1층,송파구,송파동
파리바게뜨 쌍문신원,서울시 도봉구 해등로 190,도봉구,쌍문동
파리바게뜨 대치행복,서울특별시 강남구 대치동 989-10,강남구,대치동
파리바게뜨 이태원경리단,서울 용산구 이태원동 281-5,용산구,이태원동
파리바게뜨 보광,서울특별시 용산구 보광동 217-24,용산구,보광동
파리바게뜨 당고개,서울 노원구 덕릉로 780,노원구,상계동
파리바게뜨 419탑,서울특별시 강북구 수유동 279-16,강북구,수유동
파리바게뜨 송파역,서울 송파구 송파대로 366,송파구,송파동
파리바게뜨 잠원한신,서울특별시 서초구 나루터로 37 1층,서초구,잠원동
파리바게뜨 대치삼성,서울특별시 강남구 도곡로 444 1층,강남구,대치동
파리바게뜨 서소문,서울시 중구 서소문동 26 경서빌딩 1층,중구,서소문동
파리바게뜨 서소문중앙,서울특별시 중구 서소문동 26 1층,중구,서소문동
파리바게뜨 광화문,서울 종로구 세종대로23길 54 세종빌딩 101호,종로구,당주동
파리바게뜨 마들역,서울 노원구 동일로 1545,노원구,상계동
파리바게뜨 오금역,서울시 송파구 오금로 300,송파구,가락동
파리바게뜨 경복궁역,서울특별시 종로구 자하문로 5,종로구,체부동
파리바게뜨 후암신흥,서울 용산구 신흥로 150,용산구,후암동
파리바게뜨 한티역,서울 강남구 선릉로64길 19,강남구,대치동
파리바게뜨 헬리오시티,서울 송파구 송파대로 345,송파구,가락동
파리바게뜨 방학선덕,서울특별시 도봉구 방학동 734,도봉구,방학동
파리바게뜨 대청타워,서울시 강남구 개포로 623,강남구,개포동
파리바게뜨 역삼역,서울 강남구 논현로 509,강남구,역삼동
파리바게뜨 청와대,서울시 종로구 신교동 58-1,종로구,신교동
파리바게뜨 용산후암,서울시 용산구 후암동 105-3,용산구,후암동
파리바게뜨 방학역,서울 도봉구 도봉로150길 43,도봉구,방학동
파리바게뜨 방학,서울특별시 도봉구 방학로 174,도봉구,방학동
파리바게뜨 방학중앙,서울 도봉구 도봉로 689,도봉구,방학동
파리바게뜨 대치역,서울 강남구 삼성로 155,강남구,대치동
파리바게뜨 도곡렉슬,서울 강남구 선릉로 225,강남구,도곡동
파리바게뜨 우이,서울특별시 도봉구 삼양로 582,도봉구,쌍문동
파리바게뜨 일원주공,서울 강남구 양재대로55길 13 조이빌딩 1층,강남구,일원동
파리바게뜨 역삼포스틸,서울특별시 강남구 테헤란로20길 5,강남구,역삼동
파리바게뜨 상계중앙,서울 노원구 동일로 1596,노원구,상계동
파리바게뜨 강남세브란스,서울 강남구 언주로 311 1층,강남구,역삼동
파리바게뜨 반포제일,서울특별시 서초구 강남대로79길 59 1층,서초구,반포동
파리바게뜨 가락시장역,서울시 송파구 송파대로 288,송파구,가락동
파리바게뜨 강남역,서울 강남구 강남대로 428,강남구,역삼동
파리바게뜨 서대문역,서울 서대문구 통일로 145,서대문구,냉천동
파리바게뜨 방학서부,서울 도봉구 방학동 620-18,도봉구,방학동
파리바게뜨 숙대갈월,서울 용산구 두텁바위로 21,용산구,갈월동
파리바게뜨 역삼특허청,서울 강남구 테헤란로8길 22 1층,강남구,역삼동
파리바게뜨 서대문행복,서울특별시 서대문구 충정로2가 99-22,서대문구,충정로2가
파리바게뜨 가락소망,서울특별시 송파구 중대로 132,송파구,가락동
파리바게뜨 평창,서울특별시 종로구 평창동 331,종로구,평창동
파리바게뜨 개포,서울 강남구 개포로82길 13-9 세종빌딩 1층,강남구,개포동
파리바게뜨 문정동,서울시 송파구 중대로 68 샤르망 1층,송파구,문정동
파리바게뜨 수서,서울 강남구 광평로51길 8 1층,강남구,수서동
파리바게뜨 가락중앙,서울 송파구 동남로 202,송파구,가락동
파리바게뜨 도봉1동,서울시 도봉구 도봉로 767,도봉구,도봉동
파리바게뜨 반포타운,서울 서초구 신반포로23길 30 반원상가 1층,서초구,잠원동
파리바게뜨 남영역,서울 용산구 한강대로77길 21,용산구,갈월동
파리바게뜨 역삼럭키,서울시 강남구 도곡로 181 일성빌딩,강남구,역삼동
파리바게뜨 수서역,서울 강남구 광평로 280,강남구,수서동
파리바게뜨 반포가든,서울 서초구 고무래로 32,서초구,반포동
파리바게뜨 문정현대,서울 송파구 동남로 167,송파구,가락동
파리바게뜨 국방부,서울 용산구 이태원로 22,용산구,용산동3가
파리바게뜨 고속터미널,서울특별시 서초구 신반포로 194 1층,서초구,반포동
파리바게뜨 삼각지역,서울 용산구 백범로99길 62,용산구,한강로1가
파리바게뜨 독립문역,서울시 종로구 무악동 42번지,종로구,무악동
파리바게뜨 일원역,서울 강남구 일원로 115,강남구,일원동
파리바게뜨 수락산역,서울 노원구 동일로 1677,노원구,상계동
파리바게뜨 강남일원,서울 강남구 일원로14길 25,강남구,일원동
파리바게뜨 강남서초,서울 서초구 강남대로 331 광일빌딩,서초구,서초동
파리바게뜨 수서동성당,서울 강남구 광평로 196 1층,강남구,수서동
파리바게뜨 만리,서울시 용산구 만리재로 134,용산구,서계동
파리바게뜨 마천,서울 송파구 거마로 58,송파구,마천동
파리바게뜨 개포행복,서울 강남구 선릉로 50 경빌딩 1층,강남구,개포동
파리바게뜨 뱅뱅사거리,서울 강남구 강남대로 302 1층,강남구,역삼동
파리바게뜨 종로구기,서울시 종로구 구기동 56-1,종로구,구기동
파리바게뜨 매봉역,서울특별시 강남구 남부순환로378길 8,강남구,도곡동
파리바게뜨 아현,서울 서대문구 신촌로35길 10 402동 112호,서대문구,북아현동
파리바게뜨 거여,서울시 송파구 오금로 505 상호빌딩,송파구,거여동
파리바게뜨 문정카페,서울시 송파구 송이로 238,송파구,문정동
파리바게뜨 강남대로,서울 서초구 강남대로 261,서초구,서초동
파리바게뜨 양재본점,서울시 강남구 도곡동 959-36,강남구,도곡동
파리바게뜨 효창,서울특별시 용산구 효창동 5-326,용산구,효창동
파리바게뜨 신용산역,서울시 용산구 새창로 217 토투밸리 1층,용산구,한강로2가
파리바게뜨 PB이촌시그니처,서울시 용산구 이촌동 300-19,용산구,이촌동
파리바게뜨 교대역,서울특별시 서초구 서초중앙로 109 광명빌딩 1층,서초구,서초동
파리바게뜨 홍제,서울 서대문구 통일로 398 1층,서대문구,홍제동
파리바게뜨 애오개,서울 마포구 마포대로 183-28,마포구,아현동
파리바게뜨 원효로,서울시 용산구 새창로 131,용산구,원효로2가
파리바게뜨 도봉,서울특별시 도봉구 도봉동 561-11,도봉구,도봉동
파리바게뜨 문정중앙,서울 송파구 새말로 140,송파구,문정동
파리바게뜨 개포포레스트,서울 강남구 개포로 264,강남구,개포동
파리바게뜨 홍은,서울 서대문구 홍은중앙로 104,서대문구,홍은동
파리바게뜨 홍제3동,서울 서대문구 세검정로 52-1,서대문구,홍제동
파리바게뜨 서초중앙,서울특별시 서초구 서초동 1604-18,서초구,서초동
파리바게뜨 강남포이,서울 강남구 개포로 209 서호빌딩 1층,강남구,개포동
파리바게뜨 수락리버시티,서울 노원구 누원로 28,노원구,상계동
파리바게뜨 홍은벽산,서울시 서대문구 홍은중앙로 29,서대문구,홍은동
파리바게뜨 홍제인왕,서울 서대문구 세무서길 27,서대문구,홍제동
파리바게뜨 거여우성어반,서울 송파구 위례송파로 77,송파구,거여동
파리바게뜨 마포오거리,서울시 마포구 마포대로7길 11 용진빌딩,마포구,공덕동
파리바게뜨 양재정원,서울 서초구 바우뫼로 175,서초구,양재동
파리바게뜨 도원삼성,서울시 용산구 새창로 70 도원동 삼성래미안 상가,용산구,도원동
파리바게뜨 양재삼호,서울 서초구 논현로17길 3 1층,서초구,양재동
파리바게뜨 홍제역,서울시 서대문구 통일로 461,서대문구,홍제동
파리바게뜨 카페이대역,서울시 서대문구 이화여대길 6,서대문구,대현동
파리바게뜨 연대이화,서울 서대문구 성산로 523,서대문구,대신동
파리바게뜨 이대자이,서울 마포구 대흥로 183,마포구,대흥동
파리바게뜨 장지역,서울 송파구 충민로2길 28,송파구,장지동
파리바게뜨 마포염리,서울특별시 마포구 대흥로 120,마포구,대흥동
파리바게뜨 양재드림,서울 서초구 동산로 65 아주빌딩 1층,서초구,양재동
파리바게뜨 마포,서울 마포구 도화길 14,마포구,도화동
파리바게뜨 서초,서울 서초구 효령로 223 JY타워 1층,서초구,서초동
파리바게뜨 용산산천,서울 용산구 원효로 51,용산구,산천동
파리바게뜨 마포역,서울 마포구 마포대로 33,마포구,도화동
파리바게뜨 서대문구청,서울 서대문구 모래내로 355,서대문구,홍은동
파리바게뜨 대흥역,서울 마포구 백범로 98-1,마포구,대흥동
파리바게뜨 신촌2호,서울특별시 서대문구 신촌로 117 1층 1호,서대문구,창천동
파리바게뜨 세곡지구,서울특별시 강남구 세곡동 586,강남구,세곡동
파리바게뜨 카페신촌,서울시 서대문구 창천동 18-10,서대문구,창천동
파리바게뜨 내방역,서울 서초구 방배로 147 1층,서초구,방배동
파리바게뜨 녹번역,서울 은평구 은평로 235,은평구,녹번동
파리바게뜨 서강신수,서울 마포구 광성로 44,마포구,신수동
파리바게뜨 연희,서울 서대문구 연희로 114,서대문구,연희동
파리바게뜨 방배역센트럴,서울시 서초구 방배동 909-6 센트럴빌딩 B1층 102호,서초구,방배동
파리바게뜨 중앙대,서울특별시 동작구 서달로13길 5-30 1층,동작구,흑석동
파리바게뜨 신촌숲길,서울시 마포구 서강로 111,마포구,창전동
파리바게뜨 양지공사,서울시 서초구 방배동 981-15,서초구,방배동
파리바게뜨 은평구청,서울 은평구 은평로 200-1,은평구,응암동
파리바게뜨 방배,서울특별시 서초구 방배로 52 1층,서초구,방배동
파리바게뜨 불광역,서울시 은평구 녹번동 117-111,은평구,녹번동
파리바게뜨 방배현대,서울 서초구 서초대로1길 12,서초구,방배동
파리바게뜨 광흥창역,서울 마포구 독막로 172,마포구,구수동
파리바게뜨 양재하나로,서울 서초구 청계산로 10,서초구,양재동
파리바게뜨 연희대우,서울특별시 서대문구 연희동 356-1,서대문구,연희동
파리바게뜨 불광현대,서울특별시 은평구 불광로 38 1층,은평구,불광동
파리바게뜨 독바위역,서울시 은평구 불광동 221-12,은평구,불광동
파리바게뜨 이수태평,"서울특별시 동작구 사당동 139-1 1층(101,102호)",동작구,사당동
파리바게뜨 사당신동아,서울 동작구 동작대로29길 80 1층,동작구,사당동
파리바게뜨 충암,서울시 서대문구 가좌로 144 부원빌딩,서대문구,홍은동
파리바게뜨 불광로데오,서울 은평구 통일로 747,은평구,대조동
파리바게뜨 명지대,서울 서대문구 증가로 130,서대문구,남가좌동
파리바게뜨 서초네이처,서울 서초구 태봉로 62 1층,서초구,우면동
파리바게뜨 서부병원,서울특별시 은평구 은평로 136 은경빌딩 103호,은평구,응암동
파리바게뜨 사당3동,서울 동작구 사당로23길 164 1층,동작구,사당동
파리바게뜨 연남하늘채,"서울 마포구 연남로 42 연남동, 코오롱하늘채아파트",마포구,연남동
파리바게뜨 노량진역,서울 동작구 노량진로 161 1층,동작구,노량진동
파리바게뜨 불광,서울시 은평구 연서로 286 1층,은평구,불광동
파리바게뜨 역촌역,서울특별시 은평구 서오릉로 86 1층,은평구,대조동
파리바게뜨 내곡지구,서울 서초구 헌릉로8길 42 1층,서초구,내곡동
파리바게뜨 상수,서울시 마포구 상수동 309-9,마포구,상수동
파리바게뜨 은평행복,서울특별시 은평구 응암로 247 1층,은평구,응암동
파리바게뜨 사당역,서울특별시 동작구 사당동 1031-28,동작구,사당동
파리바게뜨 남성역두산,서울특별시 동작구 사당로17가길 22 1층,동작구,사당동
파리바게뜨 대림시장,서울 은평구 응암로 175,은평구,응암동
파리바게뜨 서교,서울시 마포구 월드컵북로 34,마포구,동교동
파리바게뜨 가재울뉴타운,서울시 서대문구 거북골로 120,서대문구,남가좌동
파리바게뜨 상도역,서울시 동작구 양녕로 266 1층,동작구,상도1동
파리바게뜨 여의도2호,서울 영등포구 여의도동 41-2,영등포구,여의도동
파리바게뜨 응암역,서울 은평구 진흥로 9,은평구,역촌동
파리바게뜨 노량진2호,서울 동작구 노량진로 118 1층,동작구,노량진동
파리바게뜨 가좌역,서울시 서대문구 수색로 32,서대문구,남가좌동
파리바게뜨 숭실대입구역,서울특별시 동작구 사당로 6 1층,동작구,상도동
파리바게뜨 연신내,서울 은평구 통일로 855-8,은평구,갈현동
파리바게뜨 연신내역,서울 은평구 통일로 855-8,은평구,갈현동
파리바게뜨 구산역,서울 은평구 서오릉로 140 1층,은평구,대조동
파리바게뜨 숭실대,서울 동작구 상도로 360 1층,동작구,상도동
파리바게뜨 신사오거리,서울시 은평구 신사동 2-17,은평구,신사동
파리바게뜨 새절역,서울 은평구 증산로 389,은평구,신사동
파리바게뜨 역말사거리,서울 은평구 역촌동 62-1,은평구,역촌동
파리바게뜨 여의경도상가,서울 영등포구 여의대방로 383,영등포구,여의도동
파리바게뜨 가좌중앙,서울시 서대문구 북가좌동 329-35,서대문구,북가좌동
파리바게뜨 합정역,서울특별시 마포구 양화로 71 1층,마포구,서교동
파리바게뜨 관악푸르지오,서울특별시 관악구 청림6길,관악구,봉천동
파리바게뜨 가재울래미안,서울 서대문구 응암로 54 1층,서대문구,북가좌동
파리바게뜨 마포성서,서울시 마포구 성산동 243-4,마포구,성산동
파리바게뜨 증산역,서울 은평구 증산로 299,은평구,증산동
파리바게뜨 역촌2호,서울 은평구 갈현로 46,은평구,역촌동
파리바게뜨 장승배기역,서울 동작구 장승배기로 76,동작구,상도동
파리바게뜨 합정역사거리,서울시 마포구 독막로 4,마포구,합정동
파리바게뜨 은평뉴타운,서울특별시 은평구 진관4로 48-8,은평구,진관동
파리바게뜨 은평신사,서울시 은평구 가좌로 325 1층,은평구,신사동
파리바게뜨 수도방위사령부,서울시 관악구 과천대로 851,관악구,남현동
파리바게뜨 상도4동,서울 동작구 양녕로26길 29 파크빌딩 1층,동작구,상도동
파리바게뜨 여의도,서울특별시 영등포구 여의나루로 42,영등포구,여의도동
파리바게뜨 서오릉,서울특별시 은평구 서오릉로 200,은평구,갈현동
파리바게뜨 관악행운,서울 관악구 관악로 232-1,관악구,봉천동
파리바게뜨 망원새나래,서울시 마포구 망원동 379-1,마포구,망원동
파리바게뜨 동작대방,서울 동작구 등용로 85 1층,동작구,대방동
파리바게뜨 성산시영,서울 마포구 월드컵북로 218,마포구,성산동
파리바게뜨 대방역,서울시 영등포구 여의대방로62길 2 봉덕빌딩,영등포구,신길동
파리바게뜨 성산행복,서울시 마포구 월드컵로 148,마포구,성산동
파리바게뜨 은평뉴타운3지구,서울 은평구 진관3로 67,은평구,진관동
파리바게뜨 여의도KBS,서울 영등포구 의사당대로 26 1층,영등포구,여의도동
파리바게뜨 낙성대역,서울특별시 관악구 봉천로 603 1층,관악구,봉천동
파리바게뜨 국회의사당,서울시 영등포구 의사당대로 1,영등포구,여의도동
파리바게뜨 망원,서울시 마포구 망원동 423-1,마포구,망원동
파리바게뜨 서울대입구역,서울특별시 관악구 봉천로 475 1층,관악구,봉천동
파리바게뜨 마포구청,서울 마포구 월드컵로 204,마포구,성산동
파리바게뜨 디지털미디어시티역,서울 은평구 수색로 195,은평구,증산동
파리바게뜨 서울대샤로수길,서울 관악구 봉천동 856-1,관악구,봉천동
파리바게뜨 관악벽산,서울 관악구 은천로 92,관악구,봉천동
파리바게뜨 대방대림,서울 동작구 여의대방로 250,동작구,대방동
파리바게뜨 성대시장,서울 동작구 상도로 102,동작구,상도동
파리바게뜨 서울대,서울 관악구 남부순환로218길 1 서울대역마에스트로 1층 101호,관악구,봉천동
파리바게뜨 신길성애,서울 영등포구 영등포로84길 16,영등포구,신길동
파리바게뜨 신길역,서울시 영등포구 영등포로 359,영등포구,신길동
파리바게뜨 신대방삼거리역,서울 동작구 국사봉1길 4,동작구,상도동
파리바게뜨 관악은천,서울 관악구 봉천로23나길 69 1층,관악구,봉천동
파리바게뜨 봉천역,서울 관악구 남부순환로 1733,관악구,봉천동
파리바게뜨 한강성심병원,서울 영등포구 버드나루로7길 12,영등포구,영등포동7가
파리바게뜨 당산롯데,서울 영등포구 영중로 133,영등포구,영등포동8가
파리바게뜨 당산역삼성,서울특별시 영등포구 당산로 214,영등포구,당산동5가
파리바게뜨 은천길입구,서울 관악구 은천로 1 1층,관악구,봉천동
파리바게뜨 상암DMC,서울 마포구 월드컵북로 396,마포구,상암동
파리바게뜨 당산포스빌,서울 영등포구 양평로 67 포스빌 상가 1층,영등포구,당산동5가
파리바게뜨 유스호스텔,서울 영등포구 영신로 200 1층,영등포구,영등포동7가
파리바게뜨 당곡사거리,서울 관악구 보라매로 14 1층,관악구,봉천동
파리바게뜨 보라매역,서울 동작구 여의대방로 126 1층,동작구,신대방동
파리바게뜨 보라매타운,서울 동작구 보라매로5가길 7 캐릭터 그린빌 1층,동작구,신대방동
파리바게뜨 영등포사러가,서울특별시 영등포구 신길로 167,영등포구,신길동
파리바게뜨 선유도역,서울 영등포구 양평로 122 1층,영등포구,양평동4가
파리바게뜨 신림양지,서울특별시 관악구 신림동 11-12,관악구,신림동
파리바게뜨 영등포대우,서울 영등포구 영신로9라길 16 1층,영등포구,영등포동
파리바게뜨 신림역,서울 관악구 신림로 329,관악구,신림동
파리바게뜨 신풍역,서울 영등포구 신풍로 77,영등포구,신길동
파리바게뜨 신림사거리,서울 관악구 남부순환로 1597,관악구,신림동
파리바게뜨 당산행복,서울 영등포구 국회대로 553,영등포구,당산동4가
파리바게뜨 영등포구청,서울 영등포구 당산로 128-1,영등포구,당산동3가
파리바게뜨 신림신화,서울 관악구 신림로 199 1층,관악구,신림동
파리바게뜨 도림푸르지오,서울 영등포구 도림동 133-4,영등포구,도림동
파리바게뜨 신길돈보스코,서울특별시 영등포구 여의대방로7길 5,영등포구,신길동
파리바게뜨 신림신원,서울특별시 관악구 신원로 2 1층,관악구,신림동
파리바게뜨 서울대녹두,서울특별시 관악구 대학길 17 1층,관악구,신림동
파리바게뜨 문래역,서울 영등포구 당산로 34 1층,영등포구,문래동3가
파리바게뜨 도림사거리,서울 영등포구 도신로 86 1층,영등포구,신길동
파리바게뜨 신림남부,서울특별시 관악구 호암로 602 1층,관악구,신림동
파리바게뜨 이대목동,서울 양천구 목동동로 427 1층,양천구,목동
파리바게뜨 신대방역,서울 관악구 신사로 102,관악구,신림동
파리바게뜨 신목동역,서울 양천구 목동서로2길 22 1층,양천구,목동
파리바게뜨 선유로,서울 영등포구 선유로 81 1층,영등포구,양평동1가
파리바게뜨 도림,서울 영등포구 도영로 24,영등포구,도림동
파리바게뜨 대림성모,서울특별시 영등포구 시흥대로 663,영등포구,대림동
파리바게뜨 난곡사거리,서울 관악구 신림동 527-2,관악구,신림동
파리바게뜨 양평비즈타워,서울특별시 영등포구 영등포로 33,영등포구,양평동2가
파리바게뜨 문래SK,서울 영등포구 선유로9길 10 1층,영등포구,문래동6가
파리바게뜨 대림현대,서울 영등포구 대림로 247 1층,영등포구,대림동
파리바게뜨 파리공원,서울 양천구 목동서로 67,양천구,목동
파리바게뜨 염창역,서울특별시 강서구 염창동 282-22,강서구,염창동
파리바게뜨 염창,서울특별시 강서구 염창동 250-17,강서구,염창동
파리바게뜨 난곡세이브,서울특별시 관악구 난우길 16 1층,관악구,신림동
파리바게뜨 난곡문성,서울특별시 관악구 난곡로 263 1층,관악구,신림동
파리바게뜨 신도림TM,서울 구로구 새말로 97,구로구,구로동
파리바게뜨 난곡,서울특별시 관악구 난곡로 182 1층,관악구,신림동
파리바게뜨 대림역,서울 영등포구 도림로 153 1층,영등포구,대림동
파리바게뜨 신도림역,서울 구로구 경인로 661,구로구,신도림동
파리바게뜨 목2동,서울 양천구 목동중앙북로 73 102호,양천구,목동
파리바게뜨 신도림,서울 구로구 신도림로19길 7,구로구,신도림동
파리바게뜨 목동파라곤,서울 양천구 목동서로 155 1층,양천구,목동
파리바게뜨 신목,서울 양천구 목동중앙로 95 1층,양천구,목동
파리바게뜨 오목교,서울 양천구 목동동로12길 54,양천구,신정동
파리바게뜨 구로보건소,서울시 구로구 구로동 111-16,구로구,구로동
파리바게뜨 구로제일,서울시 구로구 시흥대로 569,구로구,구로동
파리바게뜨 목3동,서울 양천구 목동중앙북로 31,양천구,목동
파리바게뜨 구로대림,서울시 구로구 경인로59길 8 1층,구로구,신도림동
파리바게뜨 목동3단지,서울 양천구 목동중앙로 39 1층,양천구,목동
파리바게뜨 오목교역,서울 양천구 오목로 320 1층,양천구,목동
파리바게뜨 구로구청,서울시 구로구 구로동 100-8,구로구,구로동
파리바게뜨 목동사랑,서울 양천구 목동중앙본로7길 45 목동보미리즌빌 1층 103호,양천구,목동
파리바게뜨 신정,서울특별시 양천구 신목로 34,양천구,신정동
파리바게뜨 남구로,서울시 구로구 구로동 141-14,구로구,구로동
파리바게뜨 구로역,서울시 구로구 구로동 569-25,구로구,구로동
파리바게뜨 난곡휴먼시아,서울 관악구 난곡로 60,관악구,신림동
파리바게뜨 구로디지털,서울시 구로구 구로동 212-1,구로구,구로동
파리바게뜨 등촌2동,서울특별시 등촌2동 512-7,강서구,등촌동
파리바게뜨 구로엘림,서울특별시 구로구 신도림로 2,구로구,신도림동
파리바게뜨 목동8단지,서울 양천구 목동서로 295 1층,양천구,신정동
파리바게뜨 가양역,서울특별시 강서구 등촌동 628,강서구,등촌동
파리바게뜨 목동역,서울 양천구 목동로 210 1층,양천구,목동
파리바게뜨 구로고대,서울시 구로구 구로동 729-12,구로구,구로동
파리바게뜨 강서하이웨이,서울 강서구 공항대로 425,강서구,등촌동
파리바게뜨 독산4동,서울 금천구 독산로75길 3 1층,금천구,독산동
파리바게뜨 가양시드,서울특별시 강서구 가양2동 1479-4,강서구,가양동
파리바게뜨 목동오거리,서울 양천구 오목로 218 1층,양천구,신정동
파리바게뜨 금천가산,서울 금천구 시흥대로153길 99 1층,금천구,가산동
파리바게뜨 금천정훈단지,서울 금천구 독산로 211 1층,금천구,독산동
파리바게뜨 금천독산,서울특별시 금천구 독산동 289-7 1층,금천구,독산동
파리바게뜨 화곡2동,서울특별시 강서구 화곡동 836-1,강서구,화곡동
파리바게뜨 강서구청,서울특별시 강서구 화곡동 1117-19,강서구,화곡동
파리바게뜨 구로,서울특별시 구로구 구일로4길 46,구로구,구로동
파리바게뜨 양천구청,서울특별시 양천구 목동동로 73 1층,양천구,신정동
파리바게뜨 금천법원단지,서울 금천구 독산로 135-1 1층,금천구,시흥동
파리바게뜨 신정갈산,서울 양천구 목동남로 48,양천구,신정동
파리바게뜨 구일역,서울 구로구 구일로10길 27,구로구,구로동
파리바게뜨 등촌그랜드,서울특별시 강서구 등촌동 697-1,강서구,등촌동
파리바게뜨 가산디지털,서울 금천구 가산디지털1로 168 2층,금천구,가산동
파리바게뜨 금천시흥2동,서울 금천구 금하로 750,금천구,시흥동
파리바게뜨 화곡곰달래,서울특별시 강서구 화곡동 873-1,강서구,화곡동
파리바게뜨 신정역,서울특별시 양천구 오목로 149,양천구,신정동
파리바게뜨 금천은행나무,서울 금천구 금하로 711 1층,금천구,시흥동
파리바게뜨 고척시장,서울 구로구 경인로47다길 3,구로구,고척동
파리바게뜨 가산에이스,서울특별시 금천구 가산디지털1로 145 145,금천구,가산동
파리바게뜨 양천향교,서울특별시 강서구 등촌동 684-3,강서구,등촌동
파리바게뜨 독산역,서울 금천구 범안로 1152,금천구,독산동
파리바게뜨 독산2호,서울 금천구 가산디지털1로 2 우림라이온스벨리2차 1층,금천구,가산동
파리바게뜨 신정네거리역,서울 양천구 중앙로 251,양천구,신정동
파리바게뜨 고척2동,서울시 구로구 고척동 194-1,구로구,고척동
파리바게뜨 금천롯데캐슬,서울 금천구 벚꽃로 40 1층,금천구,독산동
파리바게뜨 시흥뉴타운,서울 금천구 시흥대로 204 성보빌딩 1층,금천구,시흥동
파리바게뜨 까치산역,서울특별시 강서구 화곡동 343-2,강서구,화곡동
파리바게뜨 발산역,서울시 강서구 강서로 380 세민빌딩,강서구,등촌동
파리바게뜨 금천구청역,서울 금천구 시흥대로63길 91 1층,금천구,시흥동
파리바게뜨 금천한양,서울 금천구 시흥대로 149 1층,금천구,시흥동
파리바게뜨 화곡역,서울시 강서구 화곡로 161 대성빌딩 103호,강서구,화곡동
파리바게뜨 마곡발산,서울 강서구 마곡중앙6로 69 1층,강서구,마곡동
파리바게뜨 발산중앙,서울특별시 강서구 내발산동 678-9,강서구,내발산동
파리바게뜨 개봉역북부,서울특별시 구로구 경인로40길 41,구로구,개봉동
파리바게뜨 우장산역,서울시 강서구 강서로 247,강서구,화곡동
파리바게뜨 개봉역,서울 구로구 개봉동 407-15,구로구,개봉동
파리바게뜨 신월2호,서울특별시 양천구 월정로 29,양천구,신월동
파리바게뜨 화곡대림,서울특별시 강서구 화곡1동 361-1,강서구,화곡동
파리바게뜨 신월곰달래,서울 양천구 곰달래로 48,양천구,신월동
파리바게뜨 고척제일,서울특별시 구로구 고척로 140,구로구,고척동
파리바게뜨 화곡3동,서울특별시 강서구 화곡동 1068-32,강서구,화곡동
파리바게뜨 신곡시장,서울 양천구 신월로 165,양천구,신월동
파리바게뜨 개봉,서울특별시 구로구 개봉로 63,구로구,개봉동
파리바게뜨 마곡역,서울시 강서구 마곡중앙6로 21,강서구,마곡동
파리바게뜨 양천학마을,서울 양천구 신정로13길 3 대우미래사랑 상가 1층,양천구,신정동
파리바게뜨 마곡나루역,서울 강서구 마곡중앙5로1길 20,강서구,마곡동
파리바게뜨 개봉한진,서울특별시 구로구 개봉로3길 14-2,구로구,개봉동
파리바게뜨 내발산,서울특별시 강서구 내발산동 750-11,강서구,내발산동
파리바게뜨 개봉푸르뫼,서울특별시 구로구 고척로 101,구로구,개봉동
파리바게뜨 금천석수,서울 금천구 시흥대로 6,금천구,시흥동
파리바게뜨 양천푸른,서울 양천구 신정로7길 60-5 동일프라자 1층,양천구,신정동
파리바게뜨 신월7동,서울 양천구 지양로 75 1층 3호,양천구,신월동
파리바게뜨 신월5동,서울 양천구 화곡로 50,양천구,신월동
파리바게뜨 신월사거리,서울 양천구 남부순환로 358,양천구,신월동
파리바게뜨 신방화,서울특별시 강서구 방화동 890-3,강서구,방화동
파리바게뜨 오류역,서울시 구로구 오류동 37-2,구로구,오류동
파리바게뜨 마곡신방화역,"서울 강서구 마곡중앙5로 81 1층 111호, 112호",강서구,마곡동
파리바게뜨 마곡힐스테이트,서울시 강서구 마곡중앙1로 71,강서구,마곡동
파리바게뜨 서남병원,서울 양천구 신정이펜1로 50 서이펜하우스상가 1층,양천구,신정동
파리바게뜨 방화역,서울특별시 강서구 방화동 830-1,강서구,방화동
파리바게뜨 천왕역,서울 구로구 천왕로 106,구로구,천왕동
파리바게뜨 방화,서울특별시 강서구 방화1동 488-4,강서구,방화동
파리바게뜨 송정역,서울시 강서구 공항대로 24,강서구,공항동
파리바게뜨 천왕에이스,서울특별시 구로구 천왕로 32,구로구,천왕동
파리바게뜨 구로궁동,서울특별시 구로구 오리로 1289,구로구,궁동
파리바게뜨 온수역,서울특별시 구로구 부일로1길 4,구로구,온수동
파리바게뜨 구로항동,서울 구로구 항동로3길 4,구로구,항동
